<?xml version='1.0' encoding='UTF-8' standalone='no'?>
<doxygen xmlns:xsi="http://www.w3.org/2001/XMLSchema-instance" xsi:noNamespaceSchemaLocation="compound.xsd" version="1.8.9.1">
  <compounddef id="actuator__relay_8cpp" kind="file" language="C++">
    <compoundname>actuator_relay.cpp</compoundname>
    <includes refid="actuator__relay_8h" local="yes">actuator_relay.h</includes>
    <incdepgraph>
      <node id="1">
        <label>actuator_relay.h</label>
        <link refid="actuator__relay_8h"/>
        <childnode refid="2" relation="include">
        </childnode>
        <childnode refid="3" relation="include">
        </childnode>
      </node>
      <node id="3">
        <label>module_handler.h</label>
        <link refid="module__handler_8h"/>
        <childnode refid="2" relation="include">
        </childnode>
      </node>
      <node id="0">
        <label>src/actuator_relay.cpp</label>
        <link refid="actuator_relay.cpp"/>
        <childnode refid="1" relation="include">
        </childnode>
      </node>
      <node id="2">
        <label>WProgram.h</label>
      </node>
    </incdepgraph>
    <briefdescription>
<para>Actuator module for an active low SPST-NO relay. </para>    </briefdescription>
    <detaileddescription>
<para>See <ref refid="actuator__relay_8h" kindref="compound">actuator_relay.h</ref> for details. <simplesect kind="author"><para>Jake Rye </para></simplesect>
</para>    </detaileddescription>
    <programlisting>
<codeline lineno="1"></codeline>
<codeline lineno="7"><highlight class="preprocessor">#include<sp/>&quot;<ref refid="actuator__relay_8h" kindref="compound">actuator_relay.h</ref>&quot;</highlight><highlight class="normal"></highlight></codeline>
<codeline lineno="8"><highlight class="normal"></highlight></codeline>
<codeline lineno="9"><highlight class="normal"></highlight><highlight class="comment">//--------------------------------------------------PUBLIC-------------------------------------------//</highlight><highlight class="normal"></highlight></codeline>
<codeline lineno="10"><highlight class="normal"><ref refid="class_actuator_relay_1a0a19fabbd9a3ee500d906a55579ae4f3" kindref="member">ActuatorRelay::ActuatorRelay</ref>(</highlight><highlight class="keywordtype">int</highlight><highlight class="normal"><sp/>pin,<sp/>String<sp/>instruction_code,<sp/></highlight><highlight class="keywordtype">int</highlight><highlight class="normal"><sp/>instruction_id)<sp/>{</highlight></codeline>
<codeline lineno="11"><highlight class="normal"><sp/>pin_<sp/>=<sp/>pin;</highlight></codeline>
<codeline lineno="12"><highlight class="normal"><sp/>instruction_code_<sp/>=<sp/>instruction_code;</highlight></codeline>
<codeline lineno="13"><highlight class="normal"><sp/>instruction_id_<sp/>=<sp/>instruction_id;</highlight></codeline>
<codeline lineno="14"><highlight class="normal">}</highlight></codeline>
<codeline lineno="15"><highlight class="normal"></highlight></codeline>
<codeline lineno="16"><highlight class="normal"></highlight><highlight class="keywordtype">void</highlight><highlight class="normal"><sp/><ref refid="class_actuator_relay_1abd921e88bb8fcecfbd5e1213e1faad56" kindref="member">ActuatorRelay::begin</ref>(</highlight><highlight class="keywordtype">void</highlight><highlight class="normal">)<sp/>{</highlight></codeline>
<codeline lineno="17"><highlight class="normal"><sp/>pinMode(pin_,OUTPUT);</highlight></codeline>
<codeline lineno="18"><highlight class="normal"><sp/>turnOff();</highlight></codeline>
<codeline lineno="19"><highlight class="normal">}</highlight></codeline>
<codeline lineno="20"><highlight class="normal"></highlight></codeline>
<codeline lineno="21"><highlight class="normal">String<sp/><ref refid="class_actuator_relay_1affbcfa491c42a0aae3d69450cf7295b1" kindref="member">ActuatorRelay::get</ref>(</highlight><highlight class="keywordtype">void</highlight><highlight class="normal">)<sp/>{</highlight></codeline>
<codeline lineno="22"><highlight class="normal"><sp/><sp/></highlight><highlight class="comment">//<sp/>Initialize<sp/>Message</highlight><highlight class="normal"></highlight></codeline>
<codeline lineno="23"><highlight class="normal"><sp/><sp/>String<sp/>message<sp/>=<sp/></highlight><highlight class="stringliteral">&quot;&quot;</highlight><highlight class="normal">;</highlight></codeline>
<codeline lineno="24"><highlight class="normal"></highlight></codeline>
<codeline lineno="25"><highlight class="normal"><sp/><sp/></highlight><highlight class="comment">//<sp/>Append<sp/>Actuator<sp/>State</highlight><highlight class="normal"></highlight></codeline>
<codeline lineno="26"><highlight class="normal"><sp/><sp/>message<sp/>+=<sp/></highlight><highlight class="stringliteral">&quot;\&quot;&quot;</highlight><highlight class="normal">;</highlight></codeline>
<codeline lineno="27"><highlight class="normal"><sp/><sp/>message<sp/>+=<sp/>instruction_code_;</highlight></codeline>
<codeline lineno="28"><highlight class="normal"><sp/><sp/>message<sp/>+=<sp/></highlight><highlight class="stringliteral">&quot;<sp/>&quot;</highlight><highlight class="normal">;</highlight></codeline>
<codeline lineno="29"><highlight class="normal"><sp/><sp/>message<sp/>+=<sp/>instruction_id_;</highlight></codeline>
<codeline lineno="30"><highlight class="normal"><sp/><sp/>message<sp/>+=<sp/></highlight><highlight class="stringliteral">&quot;\&quot;:&quot;</highlight><highlight class="normal">;</highlight></codeline>
<codeline lineno="31"><highlight class="normal"><sp/><sp/>message<sp/>+=<sp/><ref refid="class_actuator_relay_1a8f63c9df6e8dfc90425838f6c1c8fb0e" kindref="member">value_</ref>;</highlight></codeline>
<codeline lineno="32"><highlight class="normal"><sp/><sp/>message<sp/>+=<sp/></highlight><highlight class="stringliteral">&quot;,&quot;</highlight><highlight class="normal">;</highlight></codeline>
<codeline lineno="33"><highlight class="normal"><sp/><sp/></highlight></codeline>
<codeline lineno="34"><highlight class="normal"><sp/><sp/></highlight><highlight class="keywordflow">return</highlight><highlight class="normal"><sp/>message;</highlight></codeline>
<codeline lineno="35"><highlight class="normal">}</highlight></codeline>
<codeline lineno="36"><highlight class="normal"></highlight></codeline>
<codeline lineno="37"><highlight class="normal">String<sp/><ref refid="class_actuator_relay_1a29995263e5a05a3fdff0761cb4730306" kindref="member">ActuatorRelay::set</ref>(String<sp/>instruction_code,<sp/></highlight><highlight class="keywordtype">int</highlight><highlight class="normal"><sp/>instruction_id,<sp/>String<sp/>instruction_parameter)<sp/>{</highlight></codeline>
<codeline lineno="38"><highlight class="normal"><sp/><sp/></highlight><highlight class="keywordflow">if</highlight><highlight class="normal"><sp/>((instruction_code<sp/>==<sp/>instruction_code_)<sp/>&amp;&amp;<sp/>(instruction_id<sp/>==<sp/>instruction_id_))<sp/>{</highlight></codeline>
<codeline lineno="39"><highlight class="normal"><sp/><sp/><sp/><sp/></highlight><highlight class="keywordflow">if</highlight><highlight class="normal"><sp/>(instruction_parameter.toInt()<sp/>==<sp/>1)<sp/>{</highlight></codeline>
<codeline lineno="40"><highlight class="normal"><sp/><sp/><sp/><sp/><sp/><sp/>turnOn();</highlight></codeline>
<codeline lineno="41"><highlight class="normal"><sp/><sp/><sp/><sp/><sp/><sp/></highlight><highlight class="keywordflow">return</highlight><highlight class="normal"><sp/></highlight><highlight class="stringliteral">&quot;&quot;</highlight><highlight class="normal">;</highlight></codeline>
<codeline lineno="42"><highlight class="normal"><sp/><sp/><sp/><sp/>}</highlight></codeline>
<codeline lineno="43"><highlight class="normal"><sp/><sp/><sp/><sp/></highlight><highlight class="keywordflow">else</highlight><highlight class="normal"><sp/></highlight><highlight class="keywordflow">if</highlight><highlight class="normal">(instruction_parameter.toInt()<sp/>==<sp/>0)<sp/>{</highlight></codeline>
<codeline lineno="44"><highlight class="normal"><sp/><sp/><sp/><sp/><sp/><sp/>turnOff();</highlight></codeline>
<codeline lineno="45"><highlight class="normal"><sp/><sp/><sp/><sp/><sp/><sp/></highlight><highlight class="keywordflow">return</highlight><highlight class="normal"><sp/></highlight><highlight class="stringliteral">&quot;&quot;</highlight><highlight class="normal">;</highlight></codeline>
<codeline lineno="46"><highlight class="normal"><sp/><sp/><sp/><sp/>}</highlight></codeline>
<codeline lineno="47"><highlight class="normal"><sp/><sp/>}</highlight></codeline>
<codeline lineno="48"><highlight class="normal"><sp/><sp/></highlight><highlight class="keywordflow">return</highlight><highlight class="normal"><sp/></highlight><highlight class="stringliteral">&quot;&quot;</highlight><highlight class="normal">;</highlight></codeline>
<codeline lineno="49"><highlight class="normal">}</highlight></codeline>
<codeline lineno="50"><highlight class="normal"></highlight></codeline>
<codeline lineno="51"><highlight class="normal"></highlight><highlight class="comment">//-------------------------------------------------PRIVATE-------------------------------------------//</highlight><highlight class="normal"></highlight></codeline>
<codeline lineno="52"><highlight class="normal"></highlight><highlight class="keywordtype">void</highlight><highlight class="normal"><sp/>ActuatorRelay::turnOn(</highlight><highlight class="keywordtype">void</highlight><highlight class="normal">){</highlight></codeline>
<codeline lineno="53"><highlight class="normal"><sp/><sp/>digitalWrite(pin_,<sp/>LOW);<sp/></highlight><highlight class="comment">//<sp/>active<sp/>low<sp/>relay</highlight><highlight class="normal"></highlight></codeline>
<codeline lineno="54"><highlight class="normal"><sp/><sp/><ref refid="class_actuator_relay_1a8f63c9df6e8dfc90425838f6c1c8fb0e" kindref="member">value_</ref><sp/>=<sp/>1;</highlight></codeline>
<codeline lineno="55"><highlight class="normal">}</highlight></codeline>
<codeline lineno="56"><highlight class="normal"></highlight></codeline>
<codeline lineno="57"><highlight class="normal"></highlight><highlight class="keywordtype">void</highlight><highlight class="normal"><sp/>ActuatorRelay::turnOff(</highlight><highlight class="keywordtype">void</highlight><highlight class="normal">){</highlight></codeline>
<codeline lineno="58"><highlight class="normal"><sp/><sp/>digitalWrite(pin_,<sp/>HIGH);</highlight></codeline>
<codeline lineno="59"><highlight class="normal"><sp/><sp/><ref refid="class_actuator_relay_1a8f63c9df6e8dfc90425838f6c1c8fb0e" kindref="member">value_</ref><sp/>=<sp/>0;</highlight></codeline>
<codeline lineno="60"><highlight class="normal">}</highlight></codeline>
    </programlisting>
    <location file="/Users/jakerye/projects/gro-microcontroller/src/actuator_relay.cpp"/>
  </compounddef>
</doxygen>
