<?xml version='1.0' encoding='UTF-8' standalone='no'?>
<doxygen xmlns:xsi="http://www.w3.org/2001/XMLSchema-instance" xsi:noNamespaceSchemaLocation="compound.xsd" version="1.8.9.1">
  <compounddef id="actuator__relay_8h" kind="file" language="C++">
    <compoundname>actuator_relay.h</compoundname>
    <includes local="yes">WProgram.h</includes>
    <includes refid="module__handler_8h" local="yes">module_handler.h</includes>
    <includedby refid="actuator__relay_8cpp" local="yes">src/actuator_relay.cpp</includedby>
    <includedby refid="module__handler_8cpp" local="yes">src/module_handler.cpp</includedby>
    <incdepgraph>
      <node id="5">
        <label>src/actuator_relay.h</label>
        <link refid="actuator_relay.h"/>
        <childnode refid="6" relation="include">
        </childnode>
        <childnode refid="7" relation="include">
        </childnode>
      </node>
      <node id="7">
        <label>module_handler.h</label>
        <link refid="module__handler_8h"/>
        <childnode refid="6" relation="include">
        </childnode>
      </node>
      <node id="6">
        <label>WProgram.h</label>
      </node>
    </incdepgraph>
    <invincdepgraph>
      <node id="8">
        <label>src/actuator_relay.h</label>
        <link refid="actuator_relay.h"/>
        <childnode refid="9" relation="include">
        </childnode>
        <childnode refid="10" relation="include">
        </childnode>
      </node>
      <node id="10">
        <label>src/module_handler.cpp</label>
        <link refid="module__handler_8cpp"/>
      </node>
      <node id="9">
        <label>src/actuator_relay.cpp</label>
        <link refid="actuator__relay_8cpp"/>
      </node>
    </invincdepgraph>
    <innerclass refid="class_actuator_relay" prot="public">ActuatorRelay</innerclass>
    <briefdescription>
<para>Actuator module for an active low SPST-NO relay. </para>    </briefdescription>
    <detaileddescription>
<para><simplesect kind="author"><para>Jake Rye </para></simplesect>
</para>    </detaileddescription>
    <programlisting>
<codeline lineno="1"></codeline>
<codeline lineno="7"><highlight class="preprocessor">#ifndef<sp/>ACTUATOR_RELAY_H</highlight><highlight class="normal"></highlight></codeline>
<codeline lineno="8"><highlight class="normal"></highlight><highlight class="preprocessor">#define<sp/>ACTUATOR_RELAY_H</highlight><highlight class="normal"></highlight></codeline>
<codeline lineno="9"><highlight class="normal"></highlight></codeline>
<codeline lineno="10"><highlight class="normal"></highlight><highlight class="preprocessor">#if<sp/>ARDUINO<sp/>&gt;=<sp/>100</highlight><highlight class="normal"></highlight></codeline>
<codeline lineno="11"><highlight class="normal"></highlight><highlight class="preprocessor"><sp/>#include<sp/>&quot;Arduino.h&quot;</highlight><highlight class="normal"></highlight></codeline>
<codeline lineno="12"><highlight class="normal"></highlight><highlight class="preprocessor">#else</highlight><highlight class="normal"></highlight></codeline>
<codeline lineno="13"><highlight class="normal"></highlight><highlight class="preprocessor"><sp/>#include<sp/>&quot;WProgram.h&quot;</highlight><highlight class="normal"></highlight></codeline>
<codeline lineno="14"><highlight class="normal"></highlight><highlight class="preprocessor">#endif</highlight><highlight class="normal"></highlight></codeline>
<codeline lineno="15"><highlight class="normal"></highlight></codeline>
<codeline lineno="16"><highlight class="normal"></highlight><highlight class="preprocessor">#include<sp/>&quot;<ref refid="module__handler_8h" kindref="compound">module_handler.h</ref>&quot;</highlight><highlight class="normal"></highlight></codeline>
<codeline lineno="17"><highlight class="normal"></highlight></codeline>
<codeline lineno="21" refid="class_actuator_relay" refkind="compound"><highlight class="keyword">class<sp/></highlight><highlight class="normal"><ref refid="class_actuator_relay" kindref="compound">ActuatorRelay</ref><sp/>:<sp/><ref refid="class_sensor_actuator_module" kindref="compound">SensorActuatorModule</ref><sp/>{</highlight></codeline>
<codeline lineno="22"><highlight class="normal"><sp/><sp/></highlight><highlight class="comment">//------------------------------------------------PUBLIC---------------------------------------------//</highlight><highlight class="normal"></highlight></codeline>
<codeline lineno="23"><highlight class="normal"><sp/><sp/></highlight><highlight class="keyword">public</highlight><highlight class="normal">:</highlight></codeline>
<codeline lineno="24"><highlight class="normal"><sp/><sp/><sp/><sp/></highlight><highlight class="comment">/*<sp/>Public<sp/>Functions<sp/>*/</highlight></codeline>
<codeline lineno="40"><highlight class="normal"><sp/><sp/><sp/><sp/><ref refid="class_actuator_relay_1a0a19fabbd9a3ee500d906a55579ae4f3" kindref="member">ActuatorRelay</ref>(</highlight><highlight class="keywordtype">int</highlight><highlight class="normal"><sp/>pin,<sp/>String<sp/>instruction_code,<sp/></highlight><highlight class="keywordtype">int</highlight><highlight class="normal"><sp/>instruction_id);</highlight></codeline>
<codeline lineno="41"><highlight class="normal"><sp/><sp/><sp/><sp/></highlight></codeline>
<codeline lineno="46"><highlight class="normal"><sp/><sp/><sp/><sp/></highlight><highlight class="keywordtype">void</highlight><highlight class="normal"><sp/><ref refid="class_actuator_relay_1abd921e88bb8fcecfbd5e1213e1faad56" kindref="member">begin</ref>(</highlight><highlight class="keywordtype">void</highlight><highlight class="normal">);<sp/></highlight></codeline>
<codeline lineno="47"><highlight class="normal"></highlight></codeline>
<codeline lineno="53"><highlight class="normal"><sp/><sp/><sp/><sp/>String<sp/></highlight><highlight class="keyword">get</highlight><highlight class="normal">(void);<sp/></highlight></codeline>
<codeline lineno="54"><highlight class="normal"></highlight></codeline>
<codeline lineno="63"><highlight class="normal"><sp/><sp/><sp/><sp/>String<sp/><ref refid="class_actuator_relay_1a29995263e5a05a3fdff0761cb4730306" kindref="member">set</ref>(String<sp/>instruction_code,<sp/></highlight><highlight class="keywordtype">int</highlight><highlight class="normal"><sp/>instruction_id,<sp/>String<sp/>instruction_parameter);</highlight></codeline>
<codeline lineno="64"><highlight class="normal"></highlight></codeline>
<codeline lineno="65"><highlight class="normal"><sp/><sp/><sp/><sp/></highlight><highlight class="comment">//<sp/>Public<sp/>Variables</highlight><highlight class="normal"></highlight></codeline>
<codeline lineno="66" refid="class_actuator_relay_1a8f63c9df6e8dfc90425838f6c1c8fb0e" refkind="member"><highlight class="normal"><sp/><sp/><sp/><sp/></highlight><highlight class="keywordtype">int</highlight><highlight class="normal"><sp/><ref refid="class_actuator_relay_1a8f63c9df6e8dfc90425838f6c1c8fb0e" kindref="member">value_</ref>;</highlight></codeline>
<codeline lineno="67"><highlight class="normal"><sp/><sp/><sp/><sp/></highlight></codeline>
<codeline lineno="68"><highlight class="normal"><sp/><sp/></highlight><highlight class="comment">//------------------------------------------------PUBLIC---------------------------------------------//<sp/></highlight><highlight class="normal"></highlight></codeline>
<codeline lineno="69"><highlight class="normal"><sp/><sp/></highlight><highlight class="keyword">private</highlight><highlight class="normal">:</highlight></codeline>
<codeline lineno="70"><highlight class="normal"><sp/><sp/><sp/><sp/></highlight><highlight class="comment">//<sp/>Private<sp/>Functions</highlight><highlight class="normal"></highlight></codeline>
<codeline lineno="71"><highlight class="normal"><sp/><sp/><sp/><sp/></highlight><highlight class="keywordtype">void</highlight><highlight class="normal"><sp/>turnOn(</highlight><highlight class="keywordtype">void</highlight><highlight class="normal">);</highlight></codeline>
<codeline lineno="72"><highlight class="normal"><sp/><sp/><sp/><sp/></highlight><highlight class="keywordtype">void</highlight><highlight class="normal"><sp/>turnOff(</highlight><highlight class="keywordtype">void</highlight><highlight class="normal">);</highlight></codeline>
<codeline lineno="73"><highlight class="normal"><sp/><sp/><sp/><sp/></highlight></codeline>
<codeline lineno="74"><highlight class="normal"><sp/><sp/><sp/><sp/></highlight><highlight class="comment">//<sp/>Private<sp/>Variables</highlight><highlight class="normal"></highlight></codeline>
<codeline lineno="75"><highlight class="normal"><sp/><sp/><sp/><sp/></highlight><highlight class="keywordtype">int</highlight><highlight class="normal"><sp/>pin_;</highlight></codeline>
<codeline lineno="76"><highlight class="normal"><sp/><sp/><sp/><sp/></highlight><highlight class="keywordtype">int</highlight><highlight class="normal"><sp/>instruction_id_;</highlight></codeline>
<codeline lineno="77"><highlight class="normal"><sp/><sp/><sp/><sp/>String<sp/>instruction_code_;</highlight></codeline>
<codeline lineno="78"><highlight class="normal">};</highlight></codeline>
<codeline lineno="79"><highlight class="normal"></highlight></codeline>
<codeline lineno="80"><highlight class="normal"></highlight><highlight class="preprocessor">#endif<sp/>//<sp/>ACTUATOR_RELAY_H_</highlight></codeline>
    </programlisting>
    <location file="/Users/jakerye/projects/gro-microcontroller/src/actuator_relay.h"/>
  </compounddef>
</doxygen>
