<?xml version='1.0' encoding='UTF-8' standalone='no'?>
<doxygen xmlns:xsi="http://www.w3.org/2001/XMLSchema-instance" xsi:noNamespaceSchemaLocation="compound.xsd" version="1.8.9.1">
  <compounddef id="communication_8h" kind="file" language="C++">
    <compoundname>communication.h</compoundname>
    <includes local="yes">WProgram.h</includes>
    <includedby refid="communication_8cpp" local="yes">src/communication.cpp</includedby>
    <includedby refid="module__handler_8cpp" local="yes">src/module_handler.cpp</includedby>
    <incdepgraph>
      <node id="16">
        <label>WProgram.h</label>
      </node>
      <node id="15">
        <label>src/communication.h</label>
        <link refid="communication.h"/>
        <childnode refid="16" relation="include">
        </childnode>
      </node>
    </incdepgraph>
    <invincdepgraph>
      <node id="19">
        <label>src/module_handler.cpp</label>
        <link refid="module__handler_8cpp"/>
      </node>
      <node id="17">
        <label>src/communication.h</label>
        <link refid="communication.h"/>
        <childnode refid="18" relation="include">
        </childnode>
        <childnode refid="19" relation="include">
        </childnode>
      </node>
      <node id="18">
        <label>src/communication.cpp</label>
        <link refid="communication_8cpp"/>
      </node>
    </invincdepgraph>
    <innerclass refid="class_communication" prot="public">Communication</innerclass>
    <briefdescription>
<para>Handles a character based serial communication protocol. </para>    </briefdescription>
    <detaileddescription>
<para>Uses ascii control codes and checksum. Protocol for a packed message: SOH&lt;message_size&gt;STX&lt;message&gt;ETX&lt;message_checksum&gt;EOT <simplesect kind="author"><para>Jake Rye </para></simplesect>
</para>    </detaileddescription>
    <programlisting>
<codeline lineno="1"></codeline>
<codeline lineno="8"><highlight class="preprocessor">#ifndef<sp/>COMMUNICATION_H</highlight><highlight class="normal"></highlight></codeline>
<codeline lineno="9"><highlight class="normal"></highlight><highlight class="preprocessor">#define<sp/>COMMUNICATION_H</highlight><highlight class="normal"></highlight></codeline>
<codeline lineno="10"><highlight class="normal"></highlight></codeline>
<codeline lineno="11"><highlight class="normal"></highlight><highlight class="preprocessor">#if<sp/>ARDUINO<sp/>&gt;=<sp/>100</highlight><highlight class="normal"></highlight></codeline>
<codeline lineno="12"><highlight class="normal"></highlight><highlight class="preprocessor"><sp/>#include<sp/>&quot;Arduino.h&quot;</highlight><highlight class="normal"></highlight></codeline>
<codeline lineno="13"><highlight class="normal"></highlight><highlight class="preprocessor">#else</highlight><highlight class="normal"></highlight></codeline>
<codeline lineno="14"><highlight class="normal"></highlight><highlight class="preprocessor"><sp/>#include<sp/>&quot;WProgram.h&quot;</highlight><highlight class="normal"></highlight></codeline>
<codeline lineno="15"><highlight class="normal"></highlight><highlight class="preprocessor">#endif</highlight><highlight class="normal"></highlight></codeline>
<codeline lineno="16"><highlight class="normal"></highlight></codeline>
<codeline lineno="20" refid="class_communication" refkind="compound"><highlight class="keyword">class<sp/></highlight><highlight class="normal"><ref refid="class_communication" kindref="compound">Communication</ref><sp/>{</highlight></codeline>
<codeline lineno="21"><highlight class="normal"><sp/><sp/></highlight><highlight class="keyword">public</highlight><highlight class="normal">:</highlight></codeline>
<codeline lineno="22"><highlight class="normal"><sp/><sp/><sp/><sp/></highlight><highlight class="comment">//<sp/>Public<sp/>Functions</highlight><highlight class="normal"></highlight></codeline>
<codeline lineno="23"><highlight class="normal"><sp/><sp/><sp/><sp/></highlight><highlight class="keywordtype">void</highlight><highlight class="normal"><sp/><ref refid="class_communication_1af7eea76d811d38b02fb67ec5133e6eec" kindref="member">begin</ref>(</highlight><highlight class="keywordtype">void</highlight><highlight class="normal">);</highlight></codeline>
<codeline lineno="24"><highlight class="normal"><sp/><sp/><sp/><sp/></highlight><highlight class="keywordtype">void</highlight><highlight class="normal"><sp/><ref refid="class_communication_1a7905fe8302c11cc1c1dc8a10bc71fdc6" kindref="member">send</ref>(String<sp/>message);</highlight></codeline>
<codeline lineno="25"><highlight class="normal"><sp/><sp/><sp/><sp/></highlight><highlight class="keywordtype">bool</highlight><highlight class="normal"><sp/><ref refid="class_communication_1a086f2246c7e3715c8de1bc96cfbce262" kindref="member">available</ref>(</highlight><highlight class="keywordtype">void</highlight><highlight class="normal">);</highlight></codeline>
<codeline lineno="26"><highlight class="normal"><sp/><sp/><sp/><sp/>String<sp/><ref refid="class_communication_1ad53d6b2efc619612fb542afdfda43ec0" kindref="member">receive</ref>(</highlight><highlight class="keywordtype">void</highlight><highlight class="normal">);</highlight></codeline>
<codeline lineno="27"><highlight class="normal"><sp/><sp/><sp/><sp/></highlight></codeline>
<codeline lineno="28"><highlight class="normal"><sp/><sp/><sp/><sp/></highlight><highlight class="comment">//<sp/>Public<sp/>Variables</highlight><highlight class="normal"></highlight></codeline>
<codeline lineno="29" refid="class_communication_1a566d648baea3543f997db397e7467a75" refkind="member"><highlight class="normal"><sp/><sp/><sp/><sp/></highlight><highlight class="keywordtype">bool</highlight><highlight class="normal"><sp/><ref refid="class_communication_1a566d648baea3543f997db397e7467a75" kindref="member">not_connected_</ref>;</highlight></codeline>
<codeline lineno="30"><highlight class="normal"></highlight></codeline>
<codeline lineno="31"><highlight class="normal"><sp/><sp/></highlight><highlight class="keyword">private</highlight><highlight class="normal">:</highlight></codeline>
<codeline lineno="32"><highlight class="normal"><sp/><sp/><sp/><sp/></highlight><highlight class="comment">//<sp/>Private<sp/>Functions</highlight><highlight class="normal"></highlight></codeline>
<codeline lineno="33"><highlight class="normal"><sp/><sp/><sp/><sp/>String<sp/>getPackedMessage(String<sp/>message);</highlight></codeline>
<codeline lineno="34"><highlight class="normal"><sp/><sp/><sp/><sp/>String<sp/>getChecksum(String<sp/>message);</highlight></codeline>
<codeline lineno="35"><highlight class="normal"><sp/><sp/><sp/><sp/>String<sp/>getUnpackedMessage(String<sp/>message);</highlight></codeline>
<codeline lineno="36"><highlight class="normal"><sp/><sp/><sp/><sp/></highlight><highlight class="keywordtype">bool</highlight><highlight class="normal"><sp/>checkStartOfHeader(String<sp/>message);</highlight></codeline>
<codeline lineno="37"><highlight class="normal"><sp/><sp/><sp/><sp/></highlight><highlight class="keywordtype">int</highlight><highlight class="normal"><sp/>parseHeader(String<sp/>message);</highlight></codeline>
<codeline lineno="38"><highlight class="normal"><sp/><sp/><sp/><sp/>String<sp/>parseText(String<sp/>message);</highlight></codeline>
<codeline lineno="39"><highlight class="normal"><sp/><sp/><sp/><sp/>String<sp/>parseFooter(String<sp/>message);</highlight></codeline>
<codeline lineno="40"><highlight class="normal"><sp/><sp/><sp/><sp/></highlight></codeline>
<codeline lineno="41"><highlight class="normal"><sp/><sp/><sp/><sp/></highlight><highlight class="comment">//<sp/>Private<sp/>Variables</highlight><highlight class="normal"></highlight></codeline>
<codeline lineno="42"><highlight class="normal"><sp/><sp/><sp/><sp/>uint32_t<sp/>kBaudRate;</highlight></codeline>
<codeline lineno="43"><highlight class="normal"><sp/><sp/><sp/><sp/>uint32_t<sp/>kEstablishConnectionTimeout;<sp/></highlight><highlight class="comment">//<sp/>milliseconds</highlight><highlight class="normal"></highlight></codeline>
<codeline lineno="44"><highlight class="normal"><sp/><sp/><sp/><sp/>uint32_t<sp/>kReceiveTimeout;<sp/></highlight><highlight class="comment">//<sp/>milliseconds</highlight><highlight class="normal"></highlight></codeline>
<codeline lineno="45"><highlight class="normal"><sp/><sp/><sp/><sp/></highlight><highlight class="keywordtype">char</highlight><highlight class="normal"><sp/>kStartOfHeaderChar;</highlight></codeline>
<codeline lineno="46"><highlight class="normal"><sp/><sp/><sp/><sp/></highlight><highlight class="keywordtype">char</highlight><highlight class="normal"><sp/>kStartOfTextChar;</highlight></codeline>
<codeline lineno="47"><highlight class="normal"><sp/><sp/><sp/><sp/></highlight><highlight class="keywordtype">char</highlight><highlight class="normal"><sp/>kEndOfTextChar;</highlight></codeline>
<codeline lineno="48"><highlight class="normal"><sp/><sp/><sp/><sp/></highlight><highlight class="keywordtype">char</highlight><highlight class="normal"><sp/>kEndOfTransmissionChar;</highlight></codeline>
<codeline lineno="49"><highlight class="normal"><sp/><sp/><sp/><sp/></highlight><highlight class="keywordtype">char</highlight><highlight class="normal"><sp/>kEnquireChar;</highlight></codeline>
<codeline lineno="50"><highlight class="normal"><sp/><sp/><sp/><sp/></highlight><highlight class="keywordtype">char</highlight><highlight class="normal"><sp/>kAcknowledgeChar;<sp/></highlight></codeline>
<codeline lineno="51"><highlight class="normal">};</highlight></codeline>
<codeline lineno="52"><highlight class="normal"></highlight></codeline>
<codeline lineno="53"><highlight class="normal"></highlight><highlight class="preprocessor">#endif<sp/>//<sp/>COMMUNICATION_H_</highlight></codeline>
    </programlisting>
    <location file="/Users/jakerye/projects/gro-microcontroller/src/communication.h"/>
  </compounddef>
</doxygen>
