<?xml version='1.0' encoding='UTF-8' standalone='no'?>
<doxygenindex xmlns:xsi="http://www.w3.org/2001/XMLSchema-instance" xsi:noNamespaceSchemaLocation="index.xsd" version="1.8.9.1">
  <compound refid="class_actuator_relay" kind="class"><name>ActuatorRelay</name>
    <member refid="class_actuator_relay_1a8f63c9df6e8dfc90425838f6c1c8fb0e" kind="variable"><name>value_</name></member>
    <member refid="class_actuator_relay_1aee7387b16533da553d0251565e53fc67" kind="variable"><name>pin_</name></member>
    <member refid="class_actuator_relay_1afe696181678cfe09cfa10aaaf180db0a" kind="variable"><name>instruction_id_</name></member>
    <member refid="class_actuator_relay_1aa099dae9ab5528ff382979da41a90bfa" kind="variable"><name>instruction_code_</name></member>
    <member refid="class_actuator_relay_1a0a19fabbd9a3ee500d906a55579ae4f3" kind="function"><name>ActuatorRelay</name></member>
    <member refid="class_actuator_relay_1abd921e88bb8fcecfbd5e1213e1faad56" kind="function"><name>begin</name></member>
    <member refid="class_actuator_relay_1affbcfa491c42a0aae3d69450cf7295b1" kind="function"><name>get</name></member>
    <member refid="class_actuator_relay_1a29995263e5a05a3fdff0761cb4730306" kind="function"><name>set</name></member>
    <member refid="class_actuator_relay_1a7474a93211dd2e804372f5578db85658" kind="function"><name>turnOn</name></member>
    <member refid="class_actuator_relay_1ac62dd8fbb4a33c829fb9dacc04aab33f" kind="function"><name>turnOff</name></member>
  </compound>
  <compound refid="class_communication" kind="class"><name>Communication</name>
    <member refid="class_communication_1a566d648baea3543f997db397e7467a75" kind="variable"><name>not_connected_</name></member>
    <member refid="class_communication_1aec41477701a310337e3c2de54175f357" kind="variable"><name>kBaudRate</name></member>
    <member refid="class_communication_1a01f72772a83ac17dc6f1de88aadf2b8d" kind="variable"><name>kEstablishConnectionTimeout</name></member>
    <member refid="class_communication_1ae4aa2b745fa8dad923d84588740ea77a" kind="variable"><name>kReceiveTimeout</name></member>
    <member refid="class_communication_1abe573177125a577197c7697bee44c5f3" kind="variable"><name>kStartOfHeaderChar</name></member>
    <member refid="class_communication_1afa3d275984d6cda6c714d5cd1d5b3ace" kind="variable"><name>kStartOfTextChar</name></member>
    <member refid="class_communication_1a3a5eb61e42b09e6cb525f9b9b4f47a87" kind="variable"><name>kEndOfTextChar</name></member>
    <member refid="class_communication_1a249184beb6f92cce0979138aea03da2b" kind="variable"><name>kEndOfTransmissionChar</name></member>
    <member refid="class_communication_1a81bc855b047ce96557cc274e9d470f28" kind="variable"><name>kEnquireChar</name></member>
    <member refid="class_communication_1a47cd417ff6cb9b0ce01eada8b6ed8fc3" kind="variable"><name>kAcknowledgeChar</name></member>
    <member refid="class_communication_1af7eea76d811d38b02fb67ec5133e6eec" kind="function"><name>begin</name></member>
    <member refid="class_communication_1a7905fe8302c11cc1c1dc8a10bc71fdc6" kind="function"><name>send</name></member>
    <member refid="class_communication_1a086f2246c7e3715c8de1bc96cfbce262" kind="function"><name>available</name></member>
    <member refid="class_communication_1ad53d6b2efc619612fb542afdfda43ec0" kind="function"><name>receive</name></member>
    <member refid="class_communication_1a605bbf81096857e9bdc1ae0654b5ee9c" kind="function"><name>getPackedMessage</name></member>
    <member refid="class_communication_1ac85b94747e459ab56beb14d8ba79d7bc" kind="function"><name>getChecksum</name></member>
    <member refid="class_communication_1afdac1c8dc6b88c8c1c8b50deaa28d340" kind="function"><name>getUnpackedMessage</name></member>
    <member refid="class_communication_1a70376e84447a7f10688c16924774ae98" kind="function"><name>checkStartOfHeader</name></member>
    <member refid="class_communication_1ad8648463502278242ded56324c20020f" kind="function"><name>parseHeader</name></member>
    <member refid="class_communication_1a1c78c8e39e232b232ac2121bbb98fe7e" kind="function"><name>parseText</name></member>
    <member refid="class_communication_1afe33a0af679045de0cb7b0e159c748f8" kind="function"><name>parseFooter</name></member>
  </compound>
  <compound refid="struct_instruction" kind="struct"><name>Instruction</name>
    <member refid="struct_instruction_1ad888a5bd187437c04dca0f5574ce4ebd" kind="variable"><name>code</name></member>
    <member refid="struct_instruction_1aca74587d9d1a44daca3b0965af207a4c" kind="variable"><name>id</name></member>
    <member refid="struct_instruction_1a61c139a5e35c88092611020e999e220d" kind="variable"><name>parameter</name></member>
    <member refid="struct_instruction_1a3951b82b53920c98582baa6be7210180" kind="variable"><name>valid</name></member>
  </compound>
  <compound refid="class_moving_average_filter" kind="class"><name>MovingAverageFilter</name>
    <member refid="class_moving_average_filter_1a348266d6aa4e54c653409a5df60a534f" kind="variable"><name>values</name></member>
    <member refid="class_moving_average_filter_1a82f23589732914f1ca9f2d5723c91ab0" kind="variable"><name>k</name></member>
    <member refid="class_moving_average_filter_1a1e157723539f80e5b59e329f63dbcacf" kind="variable"><name>dataPointsCount</name></member>
    <member refid="class_moving_average_filter_1a2dc08683d38f654c016051424a0bcdf1" kind="variable"><name>out</name></member>
    <member refid="class_moving_average_filter_1ac3c9064235cc1067f5571e34519c718f" kind="variable"><name>i</name></member>
    <member refid="class_moving_average_filter_1a2845e489c746ffaeb9113e3f87bad8e1" kind="function"><name>MovingAverageFilter</name></member>
    <member refid="class_moving_average_filter_1af050822d0acb5a8d32559beb1af0519d" kind="function"><name>process</name></member>
  </compound>
  <compound refid="class_one_wire" kind="class"><name>OneWire</name>
    <member refid="class_one_wire_1a14c061b2d688f2d906d97e4e159d487b" kind="variable"><name>bitmask</name></member>
    <member refid="class_one_wire_1a8a1a2af339fac97d8c6b79503661562d" kind="variable"><name>baseReg</name></member>
    <member refid="class_one_wire_1acee8f144128bd9f9312c8e3926bb4411" kind="variable"><name>ROM_NO</name></member>
    <member refid="class_one_wire_1a15c9c453a901cbf8419c073c52113b67" kind="variable"><name>LastDiscrepancy</name></member>
    <member refid="class_one_wire_1a34fec226ea2dc41e753aa37c259aaa80" kind="variable"><name>LastFamilyDiscrepancy</name></member>
    <member refid="class_one_wire_1a3bdf0efa79ea0ab39a8c0f571e621f8f" kind="variable"><name>LastDeviceFlag</name></member>
    <member refid="class_one_wire_1aa3f23dc51d861a8d257648c507b14e8d" kind="function"><name>OneWire</name></member>
    <member refid="class_one_wire_1a6a742a9112392567eae3d06dde067c07" kind="function"><name>reset</name></member>
    <member refid="class_one_wire_1accf808390abd63d3c7bce35677784384" kind="function"><name>select</name></member>
    <member refid="class_one_wire_1ae3780e2b0ea2ebf6be88298412ac7798" kind="function"><name>skip</name></member>
    <member refid="class_one_wire_1a843e9e7e57ed615b4880be0b76b40b7d" kind="function"><name>write</name></member>
    <member refid="class_one_wire_1a0fc1e0bdc2ab1f062c98567fa60a69ae" kind="function"><name>write_bytes</name></member>
    <member refid="class_one_wire_1afd9bdb8b5a5b69b394dfc76352e00e21" kind="function"><name>read</name></member>
    <member refid="class_one_wire_1a2407440e8e25b624617593f8ad6447d4" kind="function"><name>read_bytes</name></member>
    <member refid="class_one_wire_1a6bbc58276d1cb08653dab3ea35378f94" kind="function"><name>write_bit</name></member>
    <member refid="class_one_wire_1aeae4c2798b70d9d0ba3091c03ee2d056" kind="function"><name>read_bit</name></member>
    <member refid="class_one_wire_1aa8e0f62e830ad05d8035e55c7a309256" kind="function"><name>depower</name></member>
    <member refid="class_one_wire_1aae5efdf67928b5ee312ab7d7906416fa" kind="function"><name>reset_search</name></member>
    <member refid="class_one_wire_1a0a1b8457adb609a693b865dd474e5116" kind="function"><name>target_search</name></member>
    <member refid="class_one_wire_1a383dc74fc9f8a27b76366a2859c3820a" kind="function"><name>search</name></member>
    <member refid="class_one_wire_1ae3486a669581b750e4fdf3f3a12b05f1" kind="function"><name>crc8</name></member>
    <member refid="class_one_wire_1a089c502d26caca5214264261db82d011" kind="function"><name>check_crc16</name></member>
    <member refid="class_one_wire_1a685131803ff9bd250926de68fb477998" kind="function"><name>crc16</name></member>
  </compound>
  <compound refid="class_sensor_actuator_module" kind="class"><name>SensorActuatorModule</name>
    <member refid="class_sensor_actuator_module_1a453094bcf7c7a2fdb2a14f65bf18bff9" kind="function"><name>begin</name></member>
    <member refid="class_sensor_actuator_module_1a55ce31fe50fc64f90602f3f70c5dc1af" kind="function"><name>get</name></member>
    <member refid="class_sensor_actuator_module_1adf93ff40fbdfeecbb8711ea0626fe6fc" kind="function"><name>set</name></member>
  </compound>
  <compound refid="class_sensor_contact_switch" kind="class"><name>SensorContactSwitch</name>
    <member refid="class_sensor_contact_switch_1a38d5bad22015b2013e776dec61bc8622" kind="variable"><name>is_connected_</name></member>
    <member refid="class_sensor_contact_switch_1a4153cff505b95ff654be49791eb33668" kind="variable"><name>pin_</name></member>
    <member refid="class_sensor_contact_switch_1a28a98a4d653b6f14eeadc65cb9297b6b" kind="variable"><name>instruction_id_</name></member>
    <member refid="class_sensor_contact_switch_1ab37134d83a9ba8b177d70d1bb0d2ab82" kind="variable"><name>instruction_code_</name></member>
    <member refid="class_sensor_contact_switch_1a821878d797ea7b94dd2870f98df8fdf5" kind="function"><name>SensorContactSwitch</name></member>
    <member refid="class_sensor_contact_switch_1a037d866b1e40776cc6fa00a46169b150" kind="function"><name>begin</name></member>
    <member refid="class_sensor_contact_switch_1a99a5906b45ed441eea56fb2960d35191" kind="function"><name>get</name></member>
    <member refid="class_sensor_contact_switch_1ab49acd5d6132eed50d7342717649abc2" kind="function"><name>set</name></member>
    <member refid="class_sensor_contact_switch_1adb4c23504b9a2751f42082cd651f3138" kind="function"><name>getData</name></member>
  </compound>
  <compound refid="class_sensor_dfr01610300" kind="class"><name>SensorDfr01610300</name>
    <member refid="class_sensor_dfr01610300_1aa0ab70c745bde253adaa343afba56473" kind="variable"><name>ph_raw</name></member>
    <member refid="class_sensor_dfr01610300_1a09ae20cb63d44609c717dda168b8e454" kind="variable"><name>ph_filtered</name></member>
    <member refid="class_sensor_dfr01610300_1a483485c4c8a91569e8f45819e641e38c" kind="variable"><name>temperature_raw</name></member>
    <member refid="class_sensor_dfr01610300_1a598f2f18f66d626a3ce392478fcadcc8" kind="variable"><name>temperature_filtered</name></member>
    <member refid="class_sensor_dfr01610300_1af0fc005c44506d277f792acd29f64c3e" kind="variable"><name>ec_raw</name></member>
    <member refid="class_sensor_dfr01610300_1a3183d77d8012266006113a3d8647a2a9" kind="variable"><name>ec_filtered</name></member>
    <member refid="class_sensor_dfr01610300_1a20761369a89e8c7508df9e4ac91f5cdf" kind="variable"><name>ph_pin_</name></member>
    <member refid="class_sensor_dfr01610300_1ac4454ddb29a52386e3c91744dfa9c104" kind="variable"><name>ph_instruction_code_</name></member>
    <member refid="class_sensor_dfr01610300_1a61b30abef1db0f99e70a8996f88316ef" kind="variable"><name>ph_instruction_id_</name></member>
    <member refid="class_sensor_dfr01610300_1ad400653c4c630daa2092a78d71d9a2ae" kind="variable"><name>temperature_pin_</name></member>
    <member refid="class_sensor_dfr01610300_1a19fd2791b7dcccd06d6ce97d1ff036a5" kind="variable"><name>temperature_instruction_code_</name></member>
    <member refid="class_sensor_dfr01610300_1a6da209d5f4bec9f11e866fc598b960a8" kind="variable"><name>temperature_id_</name></member>
    <member refid="class_sensor_dfr01610300_1ac9655b15f77e862d3b6767a0e1a3d18b" kind="variable"><name>ec_pin_</name></member>
    <member refid="class_sensor_dfr01610300_1aca15f5458efd4af323d43fd73f0a4fdb" kind="variable"><name>ec_instruction_code_</name></member>
    <member refid="class_sensor_dfr01610300_1aaf65e48308c42ae16f64e20b9e84a63f" kind="variable"><name>ec_id_</name></member>
    <member refid="class_sensor_dfr01610300_1adf4b1664c273eeb35fdbb270ddec1bbd" kind="variable"><name>ec_enable_pin_</name></member>
    <member refid="class_sensor_dfr01610300_1ac13f8f9b64e19c08606a8888a009ef66" kind="variable"><name>ph_calibration_coefficient_</name></member>
    <member refid="class_sensor_dfr01610300_1a3a0de74e5a94edd6930ee35f76abc248" kind="variable"><name>ph_calibration_offset_</name></member>
    <member refid="class_sensor_dfr01610300_1a3548a15ae28ceef48b95140417496a24" kind="variable"><name>ec_calibration_coefficient_</name></member>
    <member refid="class_sensor_dfr01610300_1afd56beeab0efc9250d8151f77b94221f" kind="variable"><name>ec_calibration_offset_</name></member>
    <member refid="class_sensor_dfr01610300_1ac7535bb3b2a77f1f5f4fda1f178c727a" kind="variable"><name>ec_on_delay_</name></member>
    <member refid="class_sensor_dfr01610300_1af08bd24be32a8b533350d60d30cea179" kind="variable"><name>ec_off_delay_</name></member>
    <member refid="class_sensor_dfr01610300_1a6b4a0af36d5e534714c405e817253d49" kind="variable"><name>prev_update_time_</name></member>
    <member refid="class_sensor_dfr01610300_1a930980e3a5c733b22bb67bcfcb1e90e5" kind="variable"><name>last_update_was_ec_</name></member>
    <member refid="class_sensor_dfr01610300_1a85c6e55c074b82df6e690cb206177408" kind="variable"><name>temperature_data_</name></member>
    <member refid="class_sensor_dfr01610300_1ab09e08e428a011a1e1d098370021f013" kind="variable"><name>temperature_address_</name></member>
    <member refid="class_sensor_dfr01610300_1a872df1f5519e42aaf871b642ab862f33" kind="variable"><name>ds_</name></member>
    <member refid="class_sensor_dfr01610300_1af760604a640ecbb00dbcf2ee1c5c10c6" kind="variable"><name>ph_filter_</name></member>
    <member refid="class_sensor_dfr01610300_1a659d84880d1550771f07463f2c0017cd" kind="variable"><name>ec_filter_</name></member>
    <member refid="class_sensor_dfr01610300_1a61fc47fabe4252dffd0f480289b00ed3" kind="variable"><name>temperature_filter_</name></member>
    <member refid="class_sensor_dfr01610300_1aeb40fef336ad2b2d82f7c5eddf9d318e" kind="function"><name>SensorDfr01610300</name></member>
    <member refid="class_sensor_dfr01610300_1a456221ff4728d8985c8e980d4f22b692" kind="function"><name>begin</name></member>
    <member refid="class_sensor_dfr01610300_1a21bbd0f8ee7e6576eabd9acf0e1e4d89" kind="function"><name>get</name></member>
    <member refid="class_sensor_dfr01610300_1ab675c2708ff9d5d0d9bbe10bab3d97e8" kind="function"><name>set</name></member>
    <member refid="class_sensor_dfr01610300_1aed6c34781e5b136f270a3d71f63eb212" kind="function"><name>getSensorData</name></member>
    <member refid="class_sensor_dfr01610300_1a638737e39cdfcea4ac6f375dd78b15b4" kind="function"><name>getPh</name></member>
    <member refid="class_sensor_dfr01610300_1a66a2235eec478ef93257f7742fab23fb" kind="function"><name>getTemperature</name></member>
    <member refid="class_sensor_dfr01610300_1a6b3d35487c3aa399e270fb9ee632e1bc" kind="function"><name>getEc</name></member>
    <member refid="class_sensor_dfr01610300_1a2ad643eaa4d7dc4b4c4899403a43a26f" kind="function"><name>avergeArray</name></member>
    <member refid="class_sensor_dfr01610300_1a1fd69246c7164cd4f828be769fd5d133" kind="function"><name>startTempertureConversion</name></member>
    <member refid="class_sensor_dfr01610300_1aae60840a2bfc5db28c3e7f04e163597f" kind="function"><name>TempProcess</name></member>
  </compound>
  <compound refid="class_sensor_dht22" kind="class"><name>SensorDht22</name>
    <member refid="class_sensor_dht22_1a93f9363f3086e00f440fc89a7f1f8a1b" kind="variable"><name>humidity</name></member>
    <member refid="class_sensor_dht22_1af35665067c66e887afa5fef5611fb48a" kind="variable"><name>temperature</name></member>
    <member refid="class_sensor_dht22_1aa9fa11a68fd7c0d563e38085124a2aa9" kind="variable"><name>pin_</name></member>
    <member refid="class_sensor_dht22_1a6cb769718cbf71e1ecb39c08a43b8ce6" kind="variable"><name>humidity_instruction_code_</name></member>
    <member refid="class_sensor_dht22_1a8e028fff08314f01f0d43d014ef04fb8" kind="variable"><name>humidity_instruction_id_</name></member>
    <member refid="class_sensor_dht22_1addb35c91fdffc3b065b358a915eb9576" kind="variable"><name>temperature_instruction_code_</name></member>
    <member refid="class_sensor_dht22_1a4101ef29258cebfcfbf768d4169f2b5d" kind="variable"><name>temperature_instruction_id_</name></member>
    <member refid="class_sensor_dht22_1a44ddd791413c905a027d0379ebdfcd8f" kind="variable"><name>data</name></member>
    <member refid="class_sensor_dht22_1ad7fee2ceb99d35d8fb1f647a7a0127f9" kind="variable"><name>count_</name></member>
    <member refid="class_sensor_dht22_1a8c8fcf31da57adf3d41fc259c8a4c004" kind="variable"><name>last_read_time_</name></member>
    <member refid="class_sensor_dht22_1a830cee9518cc5002cbb1146e0861c071" kind="variable"><name>first_reading_</name></member>
    <member refid="class_sensor_dht22_1ab4bdcc60b0e704b6a6144dc0f8d197d0" kind="variable"><name>humidity_raw_</name></member>
    <member refid="class_sensor_dht22_1ae23b4cdd930d4bffb437c5ef4274dc02" kind="variable"><name>temperature_raw_</name></member>
    <member refid="class_sensor_dht22_1a417840f2a31737059e6b0885d89de32f" kind="function"><name>SensorDht22</name></member>
    <member refid="class_sensor_dht22_1ae4de2976d82d060c9dc12bf84195a347" kind="function"><name>begin</name></member>
    <member refid="class_sensor_dht22_1ad939eefeb967eea7029d9505cc6aad6f" kind="function"><name>get</name></member>
    <member refid="class_sensor_dht22_1a177a42edbc33d5cf4fa0c4c38dc0047c" kind="function"><name>set</name></member>
    <member refid="class_sensor_dht22_1a118956037b427c86d1adb6726c222213" kind="function"><name>getSensorData</name></member>
    <member refid="class_sensor_dht22_1a4c22e2a909e7bb2784840d2623899fa3" kind="function"><name>read</name></member>
    <member refid="class_sensor_dht22_1a5722da8033ded0136ad32709097b362e" kind="function"><name>getRawSensorData</name></member>
    <member refid="class_sensor_dht22_1a682c23f61b2c425eb1a2260768befc37" kind="function"><name>filterSensorData</name></member>
    <member refid="class_sensor_dht22_1ac35c9e53d83a03086064031f92d18258" kind="function"><name>floatToString</name></member>
  </compound>
  <compound refid="class_sensor_gc0011" kind="class"><name>SensorGc0011</name>
    <member refid="class_sensor_gc0011_1a6da77eb384ff77e28c2fa092a03a4cbb" kind="variable"><name>temperature</name></member>
    <member refid="class_sensor_gc0011_1af5964ea62f030dd4ea2f219224afa4e6" kind="variable"><name>humidity</name></member>
    <member refid="class_sensor_gc0011_1acd7c57373be1c5fb21c8da8c25861138" kind="variable"><name>co2</name></member>
    <member refid="class_sensor_gc0011_1a200e86bcb38908383a23d121412c01f5" kind="variable"><name>rx_pin_</name></member>
    <member refid="class_sensor_gc0011_1a3c0dfd8fb2a9029e91e27ee7a1864392" kind="variable"><name>tx_pin_</name></member>
    <member refid="class_sensor_gc0011_1ad510662970255db3da276a72a94ebe5b" kind="variable"><name>co2_instruction_code_</name></member>
    <member refid="class_sensor_gc0011_1a17b9b52655a6c6eb348f5eb16f0e91cd" kind="variable"><name>co2_instruction_id_</name></member>
    <member refid="class_sensor_gc0011_1a3a3c06626ae3fe0ac608e3af31c37646" kind="variable"><name>temperature_instruction_code_</name></member>
    <member refid="class_sensor_gc0011_1a8e85285f621de6a9be0a77429f8b2ad1" kind="variable"><name>temperature_instruction_id_</name></member>
    <member refid="class_sensor_gc0011_1a43bd19e0aace5c3ad9017d186ad4dc50" kind="variable"><name>humidity_instruction_code_</name></member>
    <member refid="class_sensor_gc0011_1a9697e0c5861cc7bf53612f81c30dd65f" kind="variable"><name>humidity_instruction_id_</name></member>
    <member refid="class_sensor_gc0011_1ae957b2523aae645b08697bc7884a4368" kind="variable"><name>ss_</name></member>
    <member refid="class_sensor_gc0011_1aae54e8d582586d68c2bc923fd2dc4f0c" kind="variable"><name>timeout_</name></member>
    <member refid="class_sensor_gc0011_1ac8b12368b4b524198210048fbd1d0c81" kind="function"><name>SensorGc0011</name></member>
    <member refid="class_sensor_gc0011_1a661743d47448c6b9c965fd8e1f123fbc" kind="function"><name>begin</name></member>
    <member refid="class_sensor_gc0011_1a2920401f54e121bba1398d52e9b2c90a" kind="function"><name>get</name></member>
    <member refid="class_sensor_gc0011_1a658b7856221577342b54e4dc7fe06d2a" kind="function"><name>set</name></member>
    <member refid="class_sensor_gc0011_1a084b39250082700764f8be9de115d9d2" kind="function"><name>getSensorData</name></member>
    <member refid="class_sensor_gc0011_1a0d2e66ba5e4b17ed351f614d5d0cf581" kind="function"><name>sendMessage</name></member>
    <member refid="class_sensor_gc0011_1aa79ef1d496f763634e89ffb891afcc8b" kind="function"><name>receiveMessage</name></member>
  </compound>
  <compound refid="class_sensor_tsl2561" kind="class"><name>SensorTsl2561</name>
    <member refid="class_sensor_tsl2561_1ae12c0a6210834b63eb786e81043c38c4" kind="variable"><name>lux_</name></member>
    <member refid="class_sensor_tsl2561_1a1159f0229bf7cfc07da35366f81661f7" kind="variable"><name>par_</name></member>
    <member refid="class_sensor_tsl2561_1a91e00dec788362624f9710ca15058e89" kind="variable"><name>lux_instruction_code_</name></member>
    <member refid="class_sensor_tsl2561_1acad5738bd3cf0e1ec2f4d460481625ed" kind="variable"><name>lux_instruction_id_</name></member>
    <member refid="class_sensor_tsl2561_1a67f9c713d4233a7e1ac8dfd147e2c2ca" kind="variable"><name>par_instruction_code_</name></member>
    <member refid="class_sensor_tsl2561_1af9fbf22dba97a3a05ff438db88ef6ea8" kind="variable"><name>par_instruction_id_</name></member>
    <member refid="class_sensor_tsl2561_1ae6833565371c08cbdbb743ee76051af6" kind="variable"><name>calibrtion_to_vernier_lux_</name></member>
    <member refid="class_sensor_tsl2561_1a77b48ab50eb76183b73f59f38d68abfa" kind="variable"><name>calibration_to_vernier_par_</name></member>
    <member refid="class_sensor_tsl2561_1a3029df4c17b568ad28da263b437cf126" kind="variable"><name>measuring_indoor_par_correction_</name></member>
    <member refid="class_sensor_tsl2561_1a6eec8b6d787aa3fc8f5cdb23fc0aaf38" kind="variable"><name>read_register_timeout_</name></member>
    <member refid="class_sensor_tsl2561_1af8a5f90c246006ba80153fc52e71ea09" kind="variable"><name>read_register_error_</name></member>
    <member refid="class_sensor_tsl2561_1aa7db37ebd46e54f65466465419fe2be5" kind="variable"><name>CH0_LOW</name></member>
    <member refid="class_sensor_tsl2561_1ad168af159474b094058de9874317bd6c" kind="variable"><name>CH0_HIGH</name></member>
    <member refid="class_sensor_tsl2561_1ad8521ba653fb44a2c5dbf41052b3db7f" kind="variable"><name>CH1_LOW</name></member>
    <member refid="class_sensor_tsl2561_1a13d25c86f722c1a0c6c39169fb38bf5f" kind="variable"><name>CH1_HIGH</name></member>
    <member refid="class_sensor_tsl2561_1ab71eab390990a22ffab69809f13e54e9" kind="variable"><name>ch0</name></member>
    <member refid="class_sensor_tsl2561_1adafe9c8f892d9ee328237916350ce5df" kind="variable"><name>ch1</name></member>
    <member refid="class_sensor_tsl2561_1ab1178be32d6095c5af76e0c06e0c9d2f" kind="variable"><name>chScale</name></member>
    <member refid="class_sensor_tsl2561_1a7fcfaebf6f3f1748a341142eb9e124f7" kind="variable"><name>channel1</name></member>
    <member refid="class_sensor_tsl2561_1aab3c8516d83e753d3522892a8521db14" kind="variable"><name>channel0</name></member>
    <member refid="class_sensor_tsl2561_1a912a955a5e3b73667746021153a8b9a4" kind="variable"><name>ratio1</name></member>
    <member refid="class_sensor_tsl2561_1ac916e575695c313046ba1f4d123621fd" kind="variable"><name>b</name></member>
    <member refid="class_sensor_tsl2561_1a1080efffbba964e1382928bdf0969075" kind="variable"><name>m</name></member>
    <member refid="class_sensor_tsl2561_1a24380584580cc82c28eb819d37d0ddca" kind="variable"><name>temp</name></member>
    <member refid="class_sensor_tsl2561_1a2d00cdc15f85ac37e102db1943352185" kind="variable"><name>lux</name></member>
    <member refid="class_sensor_tsl2561_1acb66b0b6127d1d889ff31085dbb9d8c2" kind="function"><name>SensorTsl2561</name></member>
    <member refid="class_sensor_tsl2561_1ace17c892222366185df021bda708cc10" kind="function"><name>begin</name></member>
    <member refid="class_sensor_tsl2561_1a1d9dff52af755218abca50f9025f0f5c" kind="function"><name>get</name></member>
    <member refid="class_sensor_tsl2561_1ab4eb3d8197c96867f43857876df46b33" kind="function"><name>set</name></member>
    <member refid="class_sensor_tsl2561_1a401df16eee50eabf54a7bae0d68f6038" kind="function"><name>getSensorData</name></member>
    <member refid="class_sensor_tsl2561_1a202ba4ab2926426ef2f7da195d89d74f" kind="function"><name>getLux</name></member>
    <member refid="class_sensor_tsl2561_1abec691198633bdb8a853fc41fb2c2ee5" kind="function"><name>calculateLux</name></member>
    <member refid="class_sensor_tsl2561_1a0d465105d12308ee3d8fe90f8ca07fa7" kind="function"><name>readRegister</name></member>
    <member refid="class_sensor_tsl2561_1ab20e1126ec252a21f96a6ab75d6a44fb" kind="function"><name>writeRegister</name></member>
    <member refid="class_sensor_tsl2561_1add841e0d866ded1a7b77111f46b5a2dc" kind="function"><name>floatToString</name></member>
  </compound>
  <compound refid="class_software_serial" kind="class"><name>SoftwareSerial</name>
    <member refid="class_software_serial_1a80491171dfac68c8bbba30eb5aff5bf2" kind="variable"><name>_receivePin</name></member>
    <member refid="class_software_serial_1a5b95bcd366cc87aa533f12eb9b1efcbc" kind="variable"><name>_receiveBitMask</name></member>
    <member refid="class_software_serial_1ac62ea9a1611aefa341e5beba368d727c" kind="variable"><name>_receivePortRegister</name></member>
    <member refid="class_software_serial_1a640ef910de12024ea8ce2d2f456e518b" kind="variable"><name>_transmitBitMask</name></member>
    <member refid="class_software_serial_1a2d06fe00de08d112317f2cff8b1e2fd7" kind="variable"><name>_transmitPortRegister</name></member>
    <member refid="class_software_serial_1a581f4846212d6332dd6cada138f3f040" kind="variable"><name>_pcint_maskreg</name></member>
    <member refid="class_software_serial_1a938fd154d9967456d6d0aed177be9e59" kind="variable"><name>_pcint_maskvalue</name></member>
    <member refid="class_software_serial_1a45a74e5910e92c0fa1ce2dc5160fd2da" kind="variable"><name>_rx_delay_centering</name></member>
    <member refid="class_software_serial_1a34c7afa7c783456b32be9e0c4172d5d4" kind="variable"><name>_rx_delay_intrabit</name></member>
    <member refid="class_software_serial_1ac8591034f5f79a7eac51e2014cd7da86" kind="variable"><name>_rx_delay_stopbit</name></member>
    <member refid="class_software_serial_1a2d499c71e11c5f8e18a9431104d19d59" kind="variable"><name>_tx_delay</name></member>
    <member refid="class_software_serial_1adbe2d4a18178adcbabd3355506348c60" kind="variable"><name>_buffer_overflow</name></member>
    <member refid="class_software_serial_1aa855fc8ebebecdb5505eff2bce39ac13" kind="variable"><name>_inverse_logic</name></member>
    <member refid="class_software_serial_1ab539854f1bed69847e877f00f4a31934" kind="variable"><name>_receive_buffer</name></member>
    <member refid="class_software_serial_1a00619c316f20c7bd805affb077e2f265" kind="variable"><name>_receive_buffer_tail</name></member>
    <member refid="class_software_serial_1adecd2a5052e8ae64e2a7a10215e03fce" kind="variable"><name>_receive_buffer_head</name></member>
    <member refid="class_software_serial_1a14f0fc93aebe5499a3a09bcd5445617f" kind="variable"><name>active_object</name></member>
    <member refid="class_software_serial_1a786f4dddf233908a5471081518a8b6ea" kind="function"><name>recv</name></member>
    <member refid="class_software_serial_1a2dddb75a3a268984ac5e96265825a305" kind="function"><name>rx_pin_read</name></member>
    <member refid="class_software_serial_1a52714e7d54da2bd6f57b309e8dfa1d4f" kind="function"><name>tx_pin_write</name></member>
    <member refid="class_software_serial_1ae49f6d145127ca3e647e7297d218553c" kind="function"><name>setTX</name></member>
    <member refid="class_software_serial_1a6769e1058c108c24853c66e66bba1529" kind="function"><name>setRX</name></member>
    <member refid="class_software_serial_1a5348aad4512d4e3870d5f82024300e54" kind="function"><name>setRxIntMsk</name></member>
    <member refid="class_software_serial_1a979ed28d47e8d09f4f722455961ccedb" kind="function"><name>subtract_cap</name></member>
    <member refid="class_software_serial_1a1dc4448e5fdf2516f47439fb4f62f4be" kind="function"><name>tunedDelay</name></member>
    <member refid="class_software_serial_1aab36336db4a1ca5073071c07d910cb87" kind="function"><name>SoftwareSerial</name></member>
    <member refid="class_software_serial_1af6b8fff282e09a6cecc5df669ae71ee7" kind="function"><name>~SoftwareSerial</name></member>
    <member refid="class_software_serial_1af1b194359d70894b3a2f38236a68480e" kind="function"><name>begin</name></member>
    <member refid="class_software_serial_1ad235539ef28939836bd0bde9387eb8fc" kind="function"><name>listen</name></member>
    <member refid="class_software_serial_1a9034270f7de617b3cc7d3f38f3a8e0df" kind="function"><name>end</name></member>
    <member refid="class_software_serial_1a7b3fb4a8f57d2b5f2233f841d71ef80f" kind="function"><name>isListening</name></member>
    <member refid="class_software_serial_1a1c87a6b43c176c104f28e2c2eec2841e" kind="function"><name>stopListening</name></member>
    <member refid="class_software_serial_1ac6d4d5dfbe05515bf23766e2c8abfd46" kind="function"><name>overflow</name></member>
    <member refid="class_software_serial_1a51c2d2e79f0d982b1ef9cc9ac4453648" kind="function"><name>peek</name></member>
    <member refid="class_software_serial_1ac24e5c6af203ec636c0a200b0cb3caf0" kind="function"><name>write</name></member>
    <member refid="class_software_serial_1a2d0b2f2868d519c716114777f482705b" kind="function"><name>read</name></member>
    <member refid="class_software_serial_1a4cbf77a4e90e15ca576972d7952659c5" kind="function"><name>available</name></member>
    <member refid="class_software_serial_1a9a46db376a19fc958e011e38799b902c" kind="function"><name>flush</name></member>
    <member refid="class_software_serial_1ab0cba63b2a27fcfa4760a2f3f7389de0" kind="function"><name>operator bool</name></member>
    <member refid="class_software_serial_1a8700c768d3c5d681362253324852ceee" kind="function"><name>handle_interrupt</name></member>
  </compound>
  <compound refid="class_two_wire" kind="class"><name>TwoWire</name>
    <member refid="class_two_wire_1a3033512e6cc6e6cb306f8066fd087f45" kind="variable"><name>rxBuffer</name></member>
    <member refid="class_two_wire_1ab5ca5594a3cb26e81a649a56ea5a65b9" kind="variable"><name>rxBufferIndex</name></member>
    <member refid="class_two_wire_1a291bae1628b603ea81815518b403340b" kind="variable"><name>rxBufferLength</name></member>
    <member refid="class_two_wire_1ab981ac17dcbadaddb078718673f3f97c" kind="variable"><name>txAddress</name></member>
    <member refid="class_two_wire_1a2e48e330790c1bf10ca3570f93b08124" kind="variable"><name>txBuffer</name></member>
    <member refid="class_two_wire_1a2a367709929e409b5e7236aec4c6088c" kind="variable"><name>txBufferIndex</name></member>
    <member refid="class_two_wire_1aec1ae2e64d9d4efb1d34dc34b071b09d" kind="variable"><name>txBufferLength</name></member>
    <member refid="class_two_wire_1a0b047026ca5b21287a57cba18bf9df9e" kind="variable"><name>transmitting</name></member>
    <member refid="class_two_wire_1afb915d59041e031dc1cc0b37406483de" kind="variable"><name>user_onRequest</name></member>
    <member refid="class_two_wire_1a473e4b5851ab4a1dbb6969467f645c1d" kind="variable"><name>user_onReceive</name></member>
    <member refid="class_two_wire_1a56e5b17e8a2c0e9d4017febe083da391" kind="function"><name>onRequestService</name></member>
    <member refid="class_two_wire_1af248111c3452edfffdfe3e8c06ccfb40" kind="function"><name>onReceiveService</name></member>
    <member refid="class_two_wire_1a4c7daf378c06e5e72762e1bd3d5937b6" kind="function"><name>TwoWire</name></member>
    <member refid="class_two_wire_1ada85a7a8663ec8af0a1248b659be2f18" kind="function"><name>begin</name></member>
    <member refid="class_two_wire_1a28bca087ed188781ef15e72622d3b1fb" kind="function"><name>begin</name></member>
    <member refid="class_two_wire_1a2806aa5684d36d7d20bf7c51cab3e602" kind="function"><name>begin</name></member>
    <member refid="class_two_wire_1a3c4aaae8779a8c34d8a1a90ff317d982" kind="function"><name>setClock</name></member>
    <member refid="class_two_wire_1a8d55f00ea8ac3d7427d62e0c71e95ec2" kind="function"><name>beginTransmission</name></member>
    <member refid="class_two_wire_1a4da95eb4adced5dad152344243e57aad" kind="function"><name>beginTransmission</name></member>
    <member refid="class_two_wire_1af80f9a7b85a3a81a035ca94c95bcdc1d" kind="function"><name>endTransmission</name></member>
    <member refid="class_two_wire_1a289f5ef9bb0f79b31095fd72402ed54a" kind="function"><name>endTransmission</name></member>
    <member refid="class_two_wire_1ae27d0936487551a05a1e9901bc456599" kind="function"><name>requestFrom</name></member>
    <member refid="class_two_wire_1a4b4b618531a04d5488a52583a3dfb173" kind="function"><name>requestFrom</name></member>
    <member refid="class_two_wire_1ad40a27213d0bb32f7b819aa8962fccd3" kind="function"><name>requestFrom</name></member>
    <member refid="class_two_wire_1a3d76da36fb8571e0b5e8310e9f86f6fe" kind="function"><name>requestFrom</name></member>
    <member refid="class_two_wire_1a318b7bec156c1f1075a818c0ad3427d7" kind="function"><name>write</name></member>
    <member refid="class_two_wire_1a1957b4d5a6a997bdde436e9e40d131a7" kind="function"><name>write</name></member>
    <member refid="class_two_wire_1aee57bc52bee06508e231c5fc6bc35ada" kind="function"><name>available</name></member>
    <member refid="class_two_wire_1aa361b83500d00dfb93bb25b6473b33e9" kind="function"><name>read</name></member>
    <member refid="class_two_wire_1a5bd64cb7bd609e9470a15d96a0991ec8" kind="function"><name>peek</name></member>
    <member refid="class_two_wire_1a4d92ddf6ca349c815de1de15fca06b5e" kind="function"><name>flush</name></member>
    <member refid="class_two_wire_1a860d97eb825c6fdca388f2f0577cc34a" kind="function"><name>onReceive</name></member>
    <member refid="class_two_wire_1a224bf8799dda398fc0db223801852ca5" kind="function"><name>onRequest</name></member>
    <member refid="class_two_wire_1a0c9d09ead8fcddf2a84781fe77d3c975" kind="function"><name>write</name></member>
    <member refid="class_two_wire_1a55a9894186458e43852f6fb7c59bb066" kind="function"><name>write</name></member>
    <member refid="class_two_wire_1afdb917746ee37f72e7452b4782e9527b" kind="function"><name>write</name></member>
    <member refid="class_two_wire_1a8ec34b0d2a75e8b2751eb9f4332bd7c3" kind="function"><name>write</name></member>
  </compound>
  <compound refid="actuator__relay_8cpp" kind="file"><name>actuator_relay.cpp</name>
  </compound>
  <compound refid="actuator__relay_8h" kind="file"><name>actuator_relay.h</name>
  </compound>
  <compound refid="communication_8cpp" kind="file"><name>communication.cpp</name>
  </compound>
  <compound refid="communication_8h" kind="file"><name>communication.h</name>
  </compound>
  <compound refid="module__handler_8cpp" kind="file"><name>module_handler.cpp</name>
    <member refid="module__handler_8cpp_1acbef923ad22ef0461dd67c0aaf13c9d7" kind="variable"><name>communication</name></member>
    <member refid="module__handler_8cpp_1ac80bfd1cbb89a121918c276b790b790e" kind="variable"><name>sensor_tsl2561_light_intensity_default</name></member>
    <member refid="module__handler_8cpp_1a2fa5ba85fa64ec83dabf61084166add5" kind="variable"><name>sensor_dfr01610300_water_ph_temperature_ec_default</name></member>
    <member refid="module__handler_8cpp_1a71b8e34ff72f1d153e53311443c419e6" kind="variable"><name>sensor_dht22_air_temperature_humidity_default</name></member>
    <member refid="module__handler_8cpp_1a8875593f7e7ffa5750599fe64d0cb659" kind="variable"><name>sensor_gc0011_air_co2_temperature_humidity_default</name></member>
    <member refid="module__handler_8cpp_1aa9f3da0083131fdbd8cf03f27cf9d551" kind="variable"><name>sensor_contact_switch_general_shell_open_default</name></member>
    <member refid="module__handler_8cpp_1ab6630028881a21e75bbe48305c5604f7" kind="variable"><name>sensor_contact_switch_general_window_open_default</name></member>
    <member refid="module__handler_8cpp_1a0a937c87b9401ed7584696b6923185f3" kind="variable"><name>actuator_relay_air_heater_default</name></member>
    <member refid="module__handler_8cpp_1a8332988d91deeba745badf4ca8ad163e" kind="variable"><name>actuator_relay_light_panel_default</name></member>
    <member refid="module__handler_8cpp_1a0e86deb38503c2cf91314642c78cdfd3" kind="variable"><name>actuator_relay_air_humidifier_default</name></member>
    <member refid="module__handler_8cpp_1a25c0b2af14a6fb79b2f25ec1df8c838e" kind="variable"><name>actuator_relay_air_vent_default</name></member>
    <member refid="module__handler_8cpp_1a3f0b6a49faffb54d8af560b9dc3b4cc0" kind="variable"><name>actuator_relay_air_circulation_default</name></member>
    <member refid="module__handler_8cpp_1a804b6a7c6d635c11d5dd634e016e7f3b" kind="variable"><name>actuator_relay_light_chamber_illumination_default</name></member>
    <member refid="module__handler_8cpp_1a10f9d41c1003f37e9036eb87416e30c2" kind="variable"><name>actuator_relay_light_motherboard_illumination_default</name></member>
    <member refid="module__handler_8cpp_1aea7eb84b3bdf67ce76b8b3d1a7c1b64d" kind="function"><name>initializeModules</name></member>
    <member refid="module__handler_8cpp_1a691a0d8c2404cb4ce0c088e9857560ee" kind="function"><name>updateIncomingMessage</name></member>
    <member refid="module__handler_8cpp_1a5897de55f349106cd3e341df9bc6ddcd" kind="function"><name>updateStreamMessage</name></member>
    <member refid="module__handler_8cpp_1a84d5c9e2f57b3fcb377800f72edea419" kind="function"><name>handleIncomingMessage</name></member>
    <member refid="module__handler_8cpp_1afcbd04d77356acd5e3dcf91fefb8bd11" kind="function"><name>parseIncomingMessage</name></member>
  </compound>
  <compound refid="module__handler_8h" kind="file"><name>module_handler.h</name>
    <member refid="module__handler_8h_1aea7eb84b3bdf67ce76b8b3d1a7c1b64d" kind="function"><name>initializeModules</name></member>
    <member refid="module__handler_8h_1a691a0d8c2404cb4ce0c088e9857560ee" kind="function"><name>updateIncomingMessage</name></member>
    <member refid="module__handler_8h_1a5897de55f349106cd3e341df9bc6ddcd" kind="function"><name>updateStreamMessage</name></member>
    <member refid="module__handler_8h_1a84d5c9e2f57b3fcb377800f72edea419" kind="function"><name>handleIncomingMessage</name></member>
    <member refid="module__handler_8h_1afcbd04d77356acd5e3dcf91fefb8bd11" kind="function"><name>parseIncomingMessage</name></member>
  </compound>
  <compound refid="sensor__contact__switch_8cpp" kind="file"><name>sensor_contact_switch.cpp</name>
  </compound>
  <compound refid="sensor__contact__switch_8h" kind="file"><name>sensor_contact_switch.h</name>
  </compound>
  <compound refid="sensor__dfr0161__0300_8cpp" kind="file"><name>sensor_dfr0161_0300.cpp</name>
  </compound>
  <compound refid="sensor__dfr0161__0300_8h" kind="file"><name>sensor_dfr0161_0300.h</name>
  </compound>
  <compound refid="sensor__dht22_8cpp" kind="file"><name>sensor_dht22.cpp</name>
  </compound>
  <compound refid="sensor__dht22_8h" kind="file"><name>sensor_dht22.h</name>
    <member refid="sensor__dht22_8h_1ae5bff2303df6eb64654365e5d0fd1e9e" kind="define"><name>MAXTIMINGS</name></member>
  </compound>
  <compound refid="sensor__gc0011_8cpp" kind="file"><name>sensor_gc0011.cpp</name>
  </compound>
  <compound refid="sensor__gc0011_8h" kind="file"><name>sensor_gc0011.h</name>
  </compound>
  <compound refid="sensor__tsl2561_8cpp" kind="file"><name>sensor_tsl2561.cpp</name>
  </compound>
  <compound refid="sensor__tsl2561_8h" kind="file"><name>sensor_tsl2561.h</name>
    <member refid="sensor__tsl2561_8h_1aab8e4882f253d35cd521c2f4abc45149" kind="define"><name>TSL2561_Control</name></member>
    <member refid="sensor__tsl2561_8h_1a0372d3100b18a1258eafec1925b214fc" kind="define"><name>TSL2561_Timing</name></member>
    <member refid="sensor__tsl2561_8h_1aed0e05fa7dea08bdcbf5828d4622724c" kind="define"><name>TSL2561_Interrupt</name></member>
    <member refid="sensor__tsl2561_8h_1a8a25922147204b8fadfac78ae06a3eeb" kind="define"><name>TSL2561_Channal0L</name></member>
    <member refid="sensor__tsl2561_8h_1a25c20b0a9db2eb2120056ba3c927b7d7" kind="define"><name>TSL2561_Channal0H</name></member>
    <member refid="sensor__tsl2561_8h_1a36de2c81ed9acc5d08ea68a49b898c8d" kind="define"><name>TSL2561_Channal1L</name></member>
    <member refid="sensor__tsl2561_8h_1a3d6221afdaefda8d471cbb33c6066240" kind="define"><name>TSL2561_Channal1H</name></member>
    <member refid="sensor__tsl2561_8h_1a59333700af73c80bc1d7c6f8dc351c82" kind="define"><name>TSL2561_Address</name></member>
    <member refid="sensor__tsl2561_8h_1abe3540b1f05e5974dfa40491719b322a" kind="define"><name>LUX_SCALE</name></member>
    <member refid="sensor__tsl2561_8h_1a2d36ccf8157f890c015eddd64276d77c" kind="define"><name>RATIO_SCALE</name></member>
    <member refid="sensor__tsl2561_8h_1ae77b11d54490369c690da18aef1e76e5" kind="define"><name>CH_SCALE</name></member>
    <member refid="sensor__tsl2561_8h_1af740a064eaa0da3339e7eba683a671ed" kind="define"><name>CHSCALE_TINT0</name></member>
    <member refid="sensor__tsl2561_8h_1a1f741d16494e81486136c73489097cdd" kind="define"><name>CHSCALE_TINT1</name></member>
    <member refid="sensor__tsl2561_8h_1a8d1758888413b06317d05260d023c6f1" kind="define"><name>K1T</name></member>
    <member refid="sensor__tsl2561_8h_1a77a115660299dfe589547bd1c9313e18" kind="define"><name>B1T</name></member>
    <member refid="sensor__tsl2561_8h_1a9cee464de95fd9f1cc41e4737cdfcf56" kind="define"><name>M1T</name></member>
    <member refid="sensor__tsl2561_8h_1af3f76dac869af6d4fb8834ba8e5baa72" kind="define"><name>K2T</name></member>
    <member refid="sensor__tsl2561_8h_1a0a24c8d38c744a6706fbef06cc0d045e" kind="define"><name>B2T</name></member>
    <member refid="sensor__tsl2561_8h_1af13d82736a980dd7f78a0c8633c656c0" kind="define"><name>M2T</name></member>
    <member refid="sensor__tsl2561_8h_1a96898795c866703216e3035ecc1c29aa" kind="define"><name>K3T</name></member>
    <member refid="sensor__tsl2561_8h_1aa58a8a3b4010f1d8ab947e2351b6cf1d" kind="define"><name>B3T</name></member>
    <member refid="sensor__tsl2561_8h_1a6d02cd58020bf44d98927446668a2f7b" kind="define"><name>M3T</name></member>
    <member refid="sensor__tsl2561_8h_1aa3489bee2d8a1e25002669517f4b6f7d" kind="define"><name>K4T</name></member>
    <member refid="sensor__tsl2561_8h_1a836fd96912939cd386f83e20ed1061ee" kind="define"><name>B4T</name></member>
    <member refid="sensor__tsl2561_8h_1ac5983b281c3a2f1d4ea1f87236cfcb44" kind="define"><name>M4T</name></member>
    <member refid="sensor__tsl2561_8h_1a7df915d6ba425afa9a463f249168d6bd" kind="define"><name>K5T</name></member>
    <member refid="sensor__tsl2561_8h_1a8a3732432706e9a5a5ae3d3485d47043" kind="define"><name>B5T</name></member>
    <member refid="sensor__tsl2561_8h_1a2d9fce4a16f258b5ab02b09a954648f6" kind="define"><name>M5T</name></member>
    <member refid="sensor__tsl2561_8h_1a677e2edf3cf15bef63405c35a7be1310" kind="define"><name>K6T</name></member>
    <member refid="sensor__tsl2561_8h_1ab01465ad82a39e8d02c2dd79279bfe38" kind="define"><name>B6T</name></member>
    <member refid="sensor__tsl2561_8h_1a48074a633649636c0748b851a23776df" kind="define"><name>M6T</name></member>
    <member refid="sensor__tsl2561_8h_1a7e788fd48d058b89ffcc0438bc3d558e" kind="define"><name>K7T</name></member>
    <member refid="sensor__tsl2561_8h_1ad61180572632999584ac8b582a00e2c8" kind="define"><name>B7T</name></member>
    <member refid="sensor__tsl2561_8h_1aa3094566ff7a1a2bcd210e256c7b50cc" kind="define"><name>M7T</name></member>
    <member refid="sensor__tsl2561_8h_1aa0dc3961e2039ad7d91faf6829ec1404" kind="define"><name>K8T</name></member>
    <member refid="sensor__tsl2561_8h_1ab5d069e613c69aaf71ea97b129cc5ec1" kind="define"><name>B8T</name></member>
    <member refid="sensor__tsl2561_8h_1acb54eadab753bfe327548d7216edd9a2" kind="define"><name>M8T</name></member>
    <member refid="sensor__tsl2561_8h_1a5d91e3222633d82540d7ce0e8d2e1bb2" kind="define"><name>K1C</name></member>
    <member refid="sensor__tsl2561_8h_1a93aa8f0bb51f43d51e78656a352c6d16" kind="define"><name>B1C</name></member>
    <member refid="sensor__tsl2561_8h_1a4ec6175326ca3eb8b731a162b6fcd866" kind="define"><name>M1C</name></member>
    <member refid="sensor__tsl2561_8h_1ac91e954471045fdbd9b3d01933373c1e" kind="define"><name>K2C</name></member>
    <member refid="sensor__tsl2561_8h_1a95f02da704fdc6c1cabd0c29713cee66" kind="define"><name>B2C</name></member>
    <member refid="sensor__tsl2561_8h_1ab70590fa6ebed50a3ab8ff17c22b55b2" kind="define"><name>M2C</name></member>
    <member refid="sensor__tsl2561_8h_1acbc83f137380f27faf46af997f35f882" kind="define"><name>K3C</name></member>
    <member refid="sensor__tsl2561_8h_1ac03c4526fc8c17d71c8ee2171537facd" kind="define"><name>B3C</name></member>
    <member refid="sensor__tsl2561_8h_1a172d826f878378caa7889305ad29011f" kind="define"><name>M3C</name></member>
    <member refid="sensor__tsl2561_8h_1a2fccbc87358653185282ba16b03a64ee" kind="define"><name>K4C</name></member>
    <member refid="sensor__tsl2561_8h_1a6bd8165e32f19978994245c552b8ee2d" kind="define"><name>B4C</name></member>
    <member refid="sensor__tsl2561_8h_1abca79308fb0392b1f8c9d5cfeb5310a0" kind="define"><name>M4C</name></member>
    <member refid="sensor__tsl2561_8h_1aa39a8eec5ffe9f84c4ac098724c70c91" kind="define"><name>K5C</name></member>
    <member refid="sensor__tsl2561_8h_1af4a1b651ec51bb418ce1bffb87fa79e4" kind="define"><name>B5C</name></member>
    <member refid="sensor__tsl2561_8h_1a7c5adce134d8d2be44024c075f55c5c1" kind="define"><name>M5C</name></member>
    <member refid="sensor__tsl2561_8h_1a9dccc63bcf43c1b4714e913053a906c1" kind="define"><name>K6C</name></member>
    <member refid="sensor__tsl2561_8h_1abe71d8a87f6d974ee3d26693d1a2ea51" kind="define"><name>B6C</name></member>
    <member refid="sensor__tsl2561_8h_1a2140b89133d826e76d2a717a3d863551" kind="define"><name>M6C</name></member>
    <member refid="sensor__tsl2561_8h_1ac104bf3b33df4e42b14dc31078283565" kind="define"><name>K7C</name></member>
    <member refid="sensor__tsl2561_8h_1a5750be8469107d68ea4bdd4e4947316b" kind="define"><name>B7C</name></member>
    <member refid="sensor__tsl2561_8h_1acc5b1974656133787900e9bd5219c5ce" kind="define"><name>M7C</name></member>
    <member refid="sensor__tsl2561_8h_1ac47a903b8bc65dc56915024f00201213" kind="define"><name>K8C</name></member>
    <member refid="sensor__tsl2561_8h_1a6d9dfce0cef08b9ef488e582ac4f92e9" kind="define"><name>B8C</name></member>
    <member refid="sensor__tsl2561_8h_1ac15c8f99823ed2ff447fb568ce4d3957" kind="define"><name>M8C</name></member>
  </compound>
  <compound refid="src_8ino" kind="file"><name>src.ino</name>
  </compound>
  <compound refid="support__moving__average_8cpp" kind="file"><name>support_moving_average.cpp</name>
  </compound>
  <compound refid="support__moving__average_8h" kind="file"><name>support_moving_average.h</name>
    <member refid="support__moving__average_8h_1a1c0a61ecb2e23d904616be132b1f4467" kind="define"><name>MAX_DATA_POINTS</name></member>
  </compound>
  <compound refid="support__one__wire_8cpp" kind="file"><name>support_one_wire.cpp</name>
    <member refid="support__one__wire_8cpp_1acf0bd3889ace422037600d106e31db1f" kind="variable"><name>dscrc_table</name></member>
  </compound>
  <compound refid="support__one__wire_8h" kind="file"><name>support_one_wire.h</name>
    <member refid="support__one__wire_8h_1a54d103f9749934ceeb9e6bf1268365e5" kind="define"><name>ONEWIRE_SEARCH</name></member>
    <member refid="support__one__wire_8h_1a8e51c50263d3dcc4b5e4596c0021722a" kind="define"><name>ONEWIRE_CRC</name></member>
    <member refid="support__one__wire_8h_1a62b54381428ba2f8d44a1b11f47b10de" kind="define"><name>ONEWIRE_CRC8_TABLE</name></member>
    <member refid="support__one__wire_8h_1af218a02bdd87cddd058147e435a6b1ee" kind="define"><name>ONEWIRE_CRC16</name></member>
    <member refid="support__one__wire_8h_1aa93f0eb578d23995850d61f7d61c55c1" kind="define"><name>FALSE</name></member>
    <member refid="support__one__wire_8h_1aa8cecfc5c5c054d2875c03e77b7be15d" kind="define"><name>TRUE</name></member>
  </compound>
  <compound refid="support__software__serial_8cpp" kind="file"><name>support_software_serial.cpp</name>
    <member refid="support__software__serial_8cpp_1a152fc5203b90b1cff03b7b78579b8f52" kind="define"><name>_DEBUG</name></member>
    <member refid="support__software__serial_8cpp_1a43461cbce55a8b1f98dae56d963c941d" kind="define"><name>_DEBUG_PIN1</name></member>
    <member refid="support__software__serial_8cpp_1af51dd94e466b8a6a5fb199736b78e531" kind="define"><name>_DEBUG_PIN2</name></member>
    <member refid="support__software__serial_8cpp_1a7ba959374e79d3320d69af12f7307f44" kind="function"><name>DebugPulse</name></member>
  </compound>
  <compound refid="support__software__serial_8h" kind="file"><name>support_software_serial.h</name>
    <member refid="support__software__serial_8h_1af67c8adbca054838dd8a5b9043ffd64a" kind="define"><name>_SS_MAX_RX_BUFF</name></member>
    <member refid="support__software__serial_8h_1adbba0f726fc66d7100916c683b7568ae" kind="define"><name>GCC_VERSION</name></member>
  </compound>
  <compound refid="support__time_8cpp" kind="file"><name>support_time.cpp</name>
    <member refid="support__time_8cpp_1ac0623a9834738f5c6747faef9119c7b1" kind="define"><name>LEAP_YEAR</name></member>
    <member refid="support__time_8cpp_1a52357cbf68af66972047f7aed7a45218" kind="variable"><name>tm</name></member>
    <member refid="support__time_8cpp_1a40798fbd78721ae01927d9df12960b33" kind="variable"><name>cacheTime</name></member>
    <member refid="support__time_8cpp_1a2f682476794ee90f3cd499a0cffd3dc9" kind="variable"><name>syncInterval</name></member>
    <member refid="support__time_8cpp_1a5e6556161021464d855f3d1c974a2748" kind="variable"><name>monthDays</name></member>
    <member refid="support__time_8cpp_1ac7083e439046dbeaff7f1792f069c12f" kind="variable"><name>sysTime</name></member>
    <member refid="support__time_8cpp_1ab8ef0cdf0feb6aed8d34707b0c92fe5c" kind="variable"><name>prevMillis</name></member>
    <member refid="support__time_8cpp_1a92e3ebb504612f7f6831a123c4d91a33" kind="variable"><name>nextSyncTime</name></member>
    <member refid="support__time_8cpp_1a713572b69298a2ee90d6ac091e9f105b" kind="variable"><name>Status</name></member>
    <member refid="support__time_8cpp_1adfb6edd80f1ed7139bc779b8aaada8b7" kind="variable"><name>getTimePtr</name></member>
    <member refid="support__time_8cpp_1a1f13327e0831cde49d525fe035d55fd8" kind="function"><name>refreshCache</name></member>
    <member refid="support__time_8cpp_1a721ff0d06e8367ee5d2c5cf1a2c40ab5" kind="function"><name>hour</name></member>
    <member refid="support__time_8cpp_1ac4706d0cffc9e111a6c6a757b462e88e" kind="function"><name>hour</name></member>
    <member refid="support__time_8cpp_1a5a99d1c070206fef196539dec629443e" kind="function"><name>hourFormat12</name></member>
    <member refid="support__time_8cpp_1a3cf3a2a5bc98d77739dd1c8c4c0909b9" kind="function"><name>hourFormat12</name></member>
    <member refid="support__time_8cpp_1a93f95d54044b6bea7e53d820c2b3ac45" kind="function"><name>isAM</name></member>
    <member refid="support__time_8cpp_1a4334ceb57e1ed381be82347e196aabc6" kind="function"><name>isAM</name></member>
    <member refid="support__time_8cpp_1a25dad3cd574983eff789b04781e57de8" kind="function"><name>isPM</name></member>
    <member refid="support__time_8cpp_1af53f46c9c1e0ad141f99045e3f96d688" kind="function"><name>isPM</name></member>
    <member refid="support__time_8cpp_1adf618b3bac7dcfac69d4e1f5a68159b7" kind="function"><name>minute</name></member>
    <member refid="support__time_8cpp_1a88285e3771bcb970424122a6ee4b40fa" kind="function"><name>minute</name></member>
    <member refid="support__time_8cpp_1aed5657208944fe098e4e5f3380e0a1f9" kind="function"><name>second</name></member>
    <member refid="support__time_8cpp_1a10a4dd811353baa12dadadee7c7e5099" kind="function"><name>second</name></member>
    <member refid="support__time_8cpp_1a075786e0a525a2bba638889efcc42385" kind="function"><name>day</name></member>
    <member refid="support__time_8cpp_1a51dcd9f072551ba8f47449a4e7f78c29" kind="function"><name>day</name></member>
    <member refid="support__time_8cpp_1a73117e8164575afa4e25dab22d4f3ff0" kind="function"><name>weekday</name></member>
    <member refid="support__time_8cpp_1a397d9b2a739891092b487211668b496f" kind="function"><name>weekday</name></member>
    <member refid="support__time_8cpp_1a3f3be7ce4301fc1896efac6f0952f772" kind="function"><name>month</name></member>
    <member refid="support__time_8cpp_1a726c707dded9d78cf076554eceb956ec" kind="function"><name>month</name></member>
    <member refid="support__time_8cpp_1a98bf680dbfa28f79514ba50d33fee63f" kind="function"><name>year</name></member>
    <member refid="support__time_8cpp_1a8608865f8292c0505e02b67fd1cf39e8" kind="function"><name>year</name></member>
    <member refid="support__time_8cpp_1af08cc091ce5590067f695e51bfdefd17" kind="function"><name>breakTime</name></member>
    <member refid="support__time_8cpp_1a0b205c43ee3c17d8d84a83b6f2f77bc8" kind="function"><name>makeTime</name></member>
    <member refid="support__time_8cpp_1adea6c108853185c1d856fa38ec74992c" kind="function"><name>now</name></member>
    <member refid="support__time_8cpp_1a1ce752bee962425a697f513db46964d4" kind="function"><name>setTime</name></member>
    <member refid="support__time_8cpp_1a6b60a4747bafcd553c95a2110649c31d" kind="function"><name>setTime</name></member>
    <member refid="support__time_8cpp_1acc6ec9a3678824ee0b252511300cf070" kind="function"><name>adjustTime</name></member>
    <member refid="support__time_8cpp_1a9d95a01859478796c4d60525bdaa9c59" kind="function"><name>timeStatus</name></member>
    <member refid="support__time_8cpp_1afb0bd098acb0d2ab18392313c38c636d" kind="function"><name>setSyncProvider</name></member>
    <member refid="support__time_8cpp_1a1cc2f564b2cdcbfdea2d9d65378878ee" kind="function"><name>setSyncInterval</name></member>
  </compound>
  <compound refid="support__time_8h" kind="file"><name>support_time.h</name>
  </compound>
  <compound refid="support__twi_8h" kind="file"><name>support_twi.h</name>
    <member refid="support__twi_8h_1a3e79c6425e8cc6a0ce853eb49a45e5b9" kind="define"><name>TWI_FREQ</name></member>
    <member refid="support__twi_8h_1a18f2336f01cb5b7f479e65ee78020c76" kind="define"><name>TWI_BUFFER_LENGTH</name></member>
    <member refid="support__twi_8h_1a78f8e40420d26b512b064b1902f5d559" kind="define"><name>TWI_READY</name></member>
    <member refid="support__twi_8h_1a4e51cef0c946abc25dca6e7edaa1653b" kind="define"><name>TWI_MRX</name></member>
    <member refid="support__twi_8h_1a18bbad08828cae8d1e9fd9b8105e3ebc" kind="define"><name>TWI_MTX</name></member>
    <member refid="support__twi_8h_1a0c36c496c84490bf65979fcc79e5e1b4" kind="define"><name>TWI_SRX</name></member>
    <member refid="support__twi_8h_1afa37d05db1b20f3567371ef9e7bbbc48" kind="define"><name>TWI_STX</name></member>
    <member refid="support__twi_8h_1a16f0e6b2fa5a26eadbf4086ab6d54467" kind="function"><name>twi_init</name></member>
    <member refid="support__twi_8h_1a77c13a875e935f91b58c3b8596aae88d" kind="function"><name>twi_setAddress</name></member>
    <member refid="support__twi_8h_1a8f8b3d441d9dd1bd867b83729211b183" kind="function"><name>twi_readFrom</name></member>
    <member refid="support__twi_8h_1a090e0c5c98f5f7255d43a349c4bb1b72" kind="function"><name>twi_writeTo</name></member>
    <member refid="support__twi_8h_1a4fbb74866c71979506ac52d758cfdeac" kind="function"><name>twi_transmit</name></member>
    <member refid="support__twi_8h_1ac8e9aa6430dccea8d986ca33f76fe487" kind="function"><name>twi_attachSlaveRxEvent</name></member>
    <member refid="support__twi_8h_1a73cd75244e3fa0d7e288adb7bc7430e8" kind="function"><name>twi_attachSlaveTxEvent</name></member>
    <member refid="support__twi_8h_1a54e17133aa927c4c76725f1f55e37531" kind="function"><name>twi_reply</name></member>
    <member refid="support__twi_8h_1acf52d6c93df110dee6d402b389e5042e" kind="function"><name>twi_stop</name></member>
    <member refid="support__twi_8h_1a7f830793058786f5597ddd1d80b885ae" kind="function"><name>twi_releaseBus</name></member>
  </compound>
  <compound refid="support__wire_8cpp" kind="file"><name>support_wire.cpp</name>
    <member refid="support__wire_8cpp_1a35bd3de386d23ba02c35f820303db472" kind="variable"><name>Wire</name></member>
  </compound>
  <compound refid="support__wire_8h" kind="file"><name>support_wire.h</name>
    <member refid="support__wire_8h_1af7b7dc9a200cb1404c280bd500fd1551" kind="define"><name>BUFFER_LENGTH</name></member>
    <member refid="support__wire_8h_1a35bd3de386d23ba02c35f820303db472" kind="variable"><name>Wire</name></member>
  </compound>
  <compound refid="dir_68267d1309a1af8e8297ef4c3efbcdba" kind="dir"><name>src</name>
  </compound>
  <compound refid="indexpage" kind="page"><name>index</name>
  </compound>
</doxygenindex>
