<?xml version='1.0' encoding='UTF-8' standalone='no'?>
<doxygen xmlns:xsi="http://www.w3.org/2001/XMLSchema-instance" xsi:noNamespaceSchemaLocation="compound.xsd" version="1.8.9.1">
  <compounddef id="sensor__contact__switch_8h" kind="file" language="C++">
    <compoundname>sensor_contact_switch.h</compoundname>
    <includes local="yes">WProgram.h</includes>
    <includes refid="module__handler_8h" local="yes">module_handler.h</includes>
    <includedby refid="module__handler_8cpp" local="yes">src/module_handler.cpp</includedby>
    <includedby refid="sensor__contact__switch_8cpp" local="yes">src/sensor_contact_switch.cpp</includedby>
    <incdepgraph>
      <node id="62">
        <label>module_handler.h</label>
        <link refid="module__handler_8h"/>
        <childnode refid="61" relation="include">
        </childnode>
      </node>
      <node id="61">
        <label>WProgram.h</label>
      </node>
      <node id="60">
        <label>src/sensor_contact_switch.h</label>
        <link refid="sensor_contact_switch.h"/>
        <childnode refid="61" relation="include">
        </childnode>
        <childnode refid="62" relation="include">
        </childnode>
      </node>
    </incdepgraph>
    <invincdepgraph>
      <node id="65">
        <label>src/sensor_contact_switch.cpp</label>
        <link refid="sensor__contact__switch_8cpp"/>
      </node>
      <node id="64">
        <label>src/module_handler.cpp</label>
        <link refid="module__handler_8cpp"/>
      </node>
      <node id="63">
        <label>src/sensor_contact_switch.h</label>
        <link refid="sensor_contact_switch.h"/>
        <childnode refid="64" relation="include">
        </childnode>
        <childnode refid="65" relation="include">
        </childnode>
      </node>
    </invincdepgraph>
    <innerclass refid="class_sensor_contact_switch" prot="public">SensorContactSwitch</innerclass>
    <briefdescription>
<para>Sensor module for all sensors that behave like a contact switch. </para>    </briefdescription>
    <detaileddescription>
<para><simplesect kind="author"><para>Jake Rye </para></simplesect>
</para>    </detaileddescription>
    <programlisting>
<codeline lineno="1"></codeline>
<codeline lineno="6"><highlight class="preprocessor">#ifndef<sp/>SENSOR_CONTACT_SWITCH_H</highlight><highlight class="normal"></highlight></codeline>
<codeline lineno="7"><highlight class="normal"></highlight><highlight class="preprocessor">#define<sp/>SENSOR_CONTACT_SWITCH_H</highlight><highlight class="normal"></highlight></codeline>
<codeline lineno="8"><highlight class="normal"></highlight></codeline>
<codeline lineno="9"><highlight class="normal"></highlight><highlight class="preprocessor">#if<sp/>ARDUINO<sp/>&gt;=<sp/>100</highlight><highlight class="normal"></highlight></codeline>
<codeline lineno="10"><highlight class="normal"></highlight><highlight class="preprocessor"><sp/>#include<sp/>&quot;Arduino.h&quot;</highlight><highlight class="normal"></highlight></codeline>
<codeline lineno="11"><highlight class="normal"></highlight><highlight class="preprocessor">#else</highlight><highlight class="normal"></highlight></codeline>
<codeline lineno="12"><highlight class="normal"></highlight><highlight class="preprocessor"><sp/>#include<sp/>&quot;WProgram.h&quot;</highlight><highlight class="normal"></highlight></codeline>
<codeline lineno="13"><highlight class="normal"></highlight><highlight class="preprocessor">#endif</highlight><highlight class="normal"></highlight></codeline>
<codeline lineno="14"><highlight class="normal"></highlight></codeline>
<codeline lineno="15"><highlight class="normal"></highlight><highlight class="preprocessor">#include<sp/>&quot;<ref refid="module__handler_8h" kindref="compound">module_handler.h</ref>&quot;</highlight><highlight class="normal"></highlight></codeline>
<codeline lineno="16"><highlight class="normal"></highlight></codeline>
<codeline lineno="20" refid="class_sensor_contact_switch" refkind="compound"><highlight class="keyword">class<sp/></highlight><highlight class="normal"><ref refid="class_sensor_contact_switch" kindref="compound">SensorContactSwitch</ref><sp/>:<sp/><ref refid="class_sensor_actuator_module" kindref="compound">SensorActuatorModule</ref><sp/>{</highlight></codeline>
<codeline lineno="21"><highlight class="normal"><sp/><sp/></highlight><highlight class="keyword">public</highlight><highlight class="normal">:</highlight></codeline>
<codeline lineno="22"><highlight class="normal"><sp/><sp/><sp/><sp/></highlight><highlight class="comment">//<sp/>Public<sp/>Functions</highlight><highlight class="normal"></highlight></codeline>
<codeline lineno="23"><highlight class="normal"><sp/><sp/><sp/><sp/><ref refid="class_sensor_contact_switch_1a821878d797ea7b94dd2870f98df8fdf5" kindref="member">SensorContactSwitch</ref>(</highlight><highlight class="keywordtype">int</highlight><highlight class="normal"><sp/>pin,<sp/>String<sp/>instruction_code,<sp/></highlight><highlight class="keywordtype">int</highlight><highlight class="normal"><sp/>instruction_id);</highlight></codeline>
<codeline lineno="24"><highlight class="normal"><sp/><sp/><sp/><sp/></highlight><highlight class="keywordtype">void</highlight><highlight class="normal"><sp/><ref refid="class_sensor_contact_switch_1a037d866b1e40776cc6fa00a46169b150" kindref="member">begin</ref>(</highlight><highlight class="keywordtype">void</highlight><highlight class="normal">);<sp/></highlight></codeline>
<codeline lineno="25"><highlight class="normal"><sp/><sp/><sp/><sp/>String<sp/></highlight><highlight class="keyword">get</highlight><highlight class="normal">(void);<sp/></highlight></codeline>
<codeline lineno="26"><highlight class="normal"><sp/><sp/><sp/><sp/>String<sp/><ref refid="class_sensor_contact_switch_1ab49acd5d6132eed50d7342717649abc2" kindref="member">set</ref>(String<sp/>instruction_code,<sp/></highlight><highlight class="keywordtype">int</highlight><highlight class="normal"><sp/>instruction_id,<sp/>String<sp/>instruction_parameter);</highlight></codeline>
<codeline lineno="27"><highlight class="normal"></highlight></codeline>
<codeline lineno="28"><highlight class="normal"><sp/><sp/><sp/><sp/></highlight><highlight class="comment">//<sp/>Public<sp/>Variables</highlight><highlight class="normal"></highlight></codeline>
<codeline lineno="29" refid="class_sensor_contact_switch_1a38d5bad22015b2013e776dec61bc8622" refkind="member"><highlight class="normal"><sp/><sp/><sp/><sp/></highlight><highlight class="keywordtype">bool</highlight><highlight class="normal"><sp/><ref refid="class_sensor_contact_switch_1a38d5bad22015b2013e776dec61bc8622" kindref="member">is_connected_</ref>;</highlight></codeline>
<codeline lineno="30"><highlight class="normal"><sp/><sp/><sp/><sp/></highlight></codeline>
<codeline lineno="31"><highlight class="normal"><sp/><sp/></highlight><highlight class="keyword">private</highlight><highlight class="normal">:</highlight></codeline>
<codeline lineno="32"><highlight class="normal"><sp/><sp/><sp/><sp/></highlight><highlight class="comment">//<sp/>Private<sp/>Functions</highlight><highlight class="normal"></highlight></codeline>
<codeline lineno="33"><highlight class="normal"><sp/><sp/><sp/><sp/></highlight><highlight class="keywordtype">bool</highlight><highlight class="normal"><sp/>getData(</highlight><highlight class="keywordtype">void</highlight><highlight class="normal">);</highlight></codeline>
<codeline lineno="34"><highlight class="normal"><sp/><sp/><sp/><sp/></highlight></codeline>
<codeline lineno="35"><highlight class="normal"><sp/><sp/><sp/><sp/></highlight><highlight class="comment">//<sp/>Private<sp/>Variables</highlight><highlight class="normal"></highlight></codeline>
<codeline lineno="36"><highlight class="normal"><sp/><sp/><sp/><sp/></highlight><highlight class="keywordtype">int</highlight><highlight class="normal"><sp/>pin_;</highlight></codeline>
<codeline lineno="37"><highlight class="normal"><sp/><sp/><sp/><sp/></highlight><highlight class="keywordtype">int</highlight><highlight class="normal"><sp/>instruction_id_;</highlight></codeline>
<codeline lineno="38"><highlight class="normal"><sp/><sp/><sp/><sp/>String<sp/>instruction_code_;</highlight></codeline>
<codeline lineno="39"><highlight class="normal">};</highlight></codeline>
<codeline lineno="40"><highlight class="normal"></highlight></codeline>
<codeline lineno="41"><highlight class="normal"></highlight><highlight class="preprocessor">#endif<sp/>//<sp/>SENSOR_CONTACT_SWITCH_H_</highlight><highlight class="normal"></highlight></codeline>
<codeline lineno="42"><highlight class="normal"></highlight></codeline>
    </programlisting>
    <location file="/Users/jakerye/projects/gro-microcontroller/src/sensor_contact_switch.h"/>
  </compounddef>
</doxygen>
