<?xml version='1.0' encoding='UTF-8' standalone='no'?>
<doxygen xmlns:xsi="http://www.w3.org/2001/XMLSchema-instance" xsi:noNamespaceSchemaLocation="compound.xsd" version="1.8.9.1">
  <compounddef id="sensor__dht22_8h" kind="file" language="C++">
    <compoundname>sensor_dht22.h</compoundname>
    <includes local="yes">WProgram.h</includes>
    <includes refid="module__handler_8h" local="yes">module_handler.h</includes>
    <includedby refid="module__handler_8cpp" local="yes">src/module_handler.cpp</includedby>
    <includedby refid="sensor__dht22_8cpp" local="yes">src/sensor_dht22.cpp</includedby>
    <incdepgraph>
      <node id="92">
        <label>module_handler.h</label>
        <link refid="module__handler_8h"/>
        <childnode refid="91" relation="include">
        </childnode>
      </node>
      <node id="90">
        <label>src/sensor_dht22.h</label>
        <link refid="sensor_dht22.h"/>
        <childnode refid="91" relation="include">
        </childnode>
        <childnode refid="92" relation="include">
        </childnode>
      </node>
      <node id="91">
        <label>WProgram.h</label>
      </node>
    </incdepgraph>
    <invincdepgraph>
      <node id="93">
        <label>src/sensor_dht22.h</label>
        <link refid="sensor_dht22.h"/>
        <childnode refid="94" relation="include">
        </childnode>
        <childnode refid="95" relation="include">
        </childnode>
      </node>
      <node id="94">
        <label>src/module_handler.cpp</label>
        <link refid="module__handler_8cpp"/>
      </node>
      <node id="95">
        <label>src/sensor_dht22.cpp</label>
        <link refid="sensor__dht22_8cpp"/>
      </node>
    </invincdepgraph>
    <innerclass refid="class_sensor_dht22" prot="public">SensorDht22</innerclass>
      <sectiondef kind="define">
      <memberdef kind="define" id="sensor__dht22_8h_1ae5bff2303df6eb64654365e5d0fd1e9e" prot="public" static="no">
        <name>MAXTIMINGS</name>
        <initializer>85</initializer>
        <briefdescription>
        </briefdescription>
        <detaileddescription>
        </detaileddescription>
        <inbodydescription>
        </inbodydescription>
        <location file="/Users/jakerye/projects/gro-microcontroller/src/sensor_dht22.h" line="32" column="9" bodyfile="/Users/jakerye/projects/gro-microcontroller/src/sensor_dht22.h" bodystart="32" bodyend="-1"/>
      </memberdef>
      </sectiondef>
    <briefdescription>
<para>Sensor module for air temperature and humidity. </para>    </briefdescription>
    <detaileddescription>
    </detaileddescription>
    <programlisting>
<codeline lineno="1"></codeline>
<codeline lineno="6"><highlight class="comment">//<sp/>Library<sp/>based<sp/>off:<sp/>DHT<sp/>library<sp/>from<sp/>Seeed<sp/>Studio</highlight><highlight class="normal"></highlight></codeline>
<codeline lineno="7"><highlight class="normal"></highlight><highlight class="comment">//<sp/>Library<sp/>found<sp/>at:<sp/>https://github.com/Seeed-Studio/Grove_Temperature_And_Humidity_Sensor</highlight><highlight class="normal"></highlight></codeline>
<codeline lineno="8"><highlight class="normal"></highlight><highlight class="comment">//<sp/>Component<sp/>found<sp/>at:<sp/>http://www.seeedstudio.com/depot/grove-temperaturehumidity-sensor-pro-p-838.html?cPath=144_147</highlight><highlight class="normal"></highlight></codeline>
<codeline lineno="9"><highlight class="normal"></highlight><highlight class="comment">//<sp/>Modified<sp/>by:<sp/>Jake<sp/>Rye</highlight><highlight class="normal"></highlight></codeline>
<codeline lineno="10"><highlight class="normal"></highlight></codeline>
<codeline lineno="11"><highlight class="normal"></highlight><highlight class="preprocessor">#ifndef<sp/>SensorDht22_H</highlight><highlight class="normal"></highlight></codeline>
<codeline lineno="12"><highlight class="normal"></highlight><highlight class="preprocessor">#define<sp/>SensorDht22_H</highlight><highlight class="normal"></highlight></codeline>
<codeline lineno="13"><highlight class="normal"></highlight><highlight class="preprocessor">#if<sp/>ARDUINO<sp/>&gt;=<sp/>100</highlight><highlight class="normal"></highlight></codeline>
<codeline lineno="14"><highlight class="normal"></highlight><highlight class="preprocessor"><sp/>#include<sp/>&quot;Arduino.h&quot;</highlight><highlight class="normal"></highlight></codeline>
<codeline lineno="15"><highlight class="normal"></highlight><highlight class="preprocessor">#else</highlight><highlight class="normal"></highlight></codeline>
<codeline lineno="16"><highlight class="normal"></highlight><highlight class="preprocessor"><sp/>#include<sp/>&quot;WProgram.h&quot;</highlight><highlight class="normal"></highlight></codeline>
<codeline lineno="17"><highlight class="normal"></highlight><highlight class="preprocessor">#endif</highlight><highlight class="normal"></highlight></codeline>
<codeline lineno="18"><highlight class="normal"></highlight></codeline>
<codeline lineno="19"><highlight class="normal"></highlight><highlight class="preprocessor">#include<sp/>&quot;<ref refid="module__handler_8h" kindref="compound">module_handler.h</ref>&quot;</highlight><highlight class="normal"></highlight></codeline>
<codeline lineno="20"><highlight class="normal"></highlight></codeline>
<codeline lineno="21"><highlight class="normal"></highlight><highlight class="comment">//<sp/>8<sp/>MHz(ish)<sp/>AVR<sp/>---------------------------------------------------------</highlight><highlight class="normal"></highlight></codeline>
<codeline lineno="22"><highlight class="normal"></highlight><highlight class="preprocessor">#if<sp/>(F_CPU<sp/>&gt;=<sp/>7400000UL)<sp/>&amp;&amp;<sp/>(F_CPU<sp/>&lt;=<sp/>9500000UL)</highlight><highlight class="normal"></highlight></codeline>
<codeline lineno="23"><highlight class="normal"></highlight><highlight class="preprocessor">#define<sp/>COUNT<sp/>3</highlight><highlight class="normal"></highlight></codeline>
<codeline lineno="24"><highlight class="normal"></highlight><highlight class="comment">//<sp/>16<sp/>MHz(ish)<sp/>AVR<sp/>--------------------------------------------------------</highlight><highlight class="normal"></highlight></codeline>
<codeline lineno="25"><highlight class="normal"></highlight><highlight class="preprocessor">#elif<sp/>(F_CPU<sp/>&gt;=<sp/>15400000UL)<sp/>&amp;&amp;<sp/>(F_CPU<sp/>&lt;=<sp/>19000000L)</highlight><highlight class="normal"></highlight></codeline>
<codeline lineno="26"><highlight class="normal"></highlight><highlight class="preprocessor">#define<sp/>COUNT<sp/>6</highlight><highlight class="normal"></highlight></codeline>
<codeline lineno="27"><highlight class="normal"></highlight><highlight class="preprocessor">#else</highlight><highlight class="normal"></highlight></codeline>
<codeline lineno="28"><highlight class="normal"></highlight><highlight class="preprocessor">#error<sp/>&quot;CPU<sp/>SPEED<sp/>NOT<sp/>SUPPORTED&quot;</highlight><highlight class="normal"></highlight></codeline>
<codeline lineno="29"><highlight class="normal"></highlight><highlight class="preprocessor">#endif</highlight><highlight class="normal"></highlight></codeline>
<codeline lineno="30"><highlight class="normal"></highlight></codeline>
<codeline lineno="31"><highlight class="normal"></highlight><highlight class="comment">//<sp/>how<sp/>many<sp/>timing<sp/>transitions<sp/>we<sp/>need<sp/>to<sp/>keep<sp/>track<sp/>of.<sp/>2<sp/>*<sp/>number<sp/>bits<sp/>+<sp/>extra</highlight><highlight class="normal"></highlight></codeline>
<codeline lineno="32" refid="sensor__dht22_8h_1ae5bff2303df6eb64654365e5d0fd1e9e" refkind="member"><highlight class="normal"></highlight><highlight class="preprocessor">#define<sp/>MAXTIMINGS<sp/>85</highlight><highlight class="normal"></highlight></codeline>
<codeline lineno="33"><highlight class="normal"></highlight></codeline>
<codeline lineno="37" refid="class_sensor_dht22" refkind="compound"><highlight class="keyword">class<sp/></highlight><highlight class="normal"><ref refid="class_sensor_dht22" kindref="compound">SensorDht22</ref><sp/>:<sp/><ref refid="class_sensor_actuator_module" kindref="compound">SensorActuatorModule</ref><sp/>{</highlight></codeline>
<codeline lineno="38"><highlight class="normal"><sp/><sp/></highlight><highlight class="keyword">public</highlight><highlight class="normal">:</highlight></codeline>
<codeline lineno="39"><highlight class="normal"><sp/><sp/><sp/><sp/></highlight><highlight class="comment">//<sp/>Public<sp/>Functions</highlight><highlight class="normal"></highlight></codeline>
<codeline lineno="40"><highlight class="normal"><sp/><sp/><sp/><sp/><ref refid="class_sensor_dht22_1a417840f2a31737059e6b0885d89de32f" kindref="member">SensorDht22</ref>(</highlight><highlight class="keywordtype">int</highlight><highlight class="normal"><sp/>pin,<sp/>String<sp/>temperature_instruction_code,<sp/></highlight><highlight class="keywordtype">int</highlight><highlight class="normal"><sp/>temperature_instruction_id,<sp/>String<sp/>humidity_instruction_code,<sp/></highlight><highlight class="keywordtype">int</highlight><highlight class="normal"><sp/>humidity_instruction_id);</highlight></codeline>
<codeline lineno="41"><highlight class="normal"><sp/><sp/><sp/><sp/></highlight><highlight class="keywordtype">void</highlight><highlight class="normal"><sp/><ref refid="class_sensor_dht22_1ae4de2976d82d060c9dc12bf84195a347" kindref="member">begin</ref>(</highlight><highlight class="keywordtype">void</highlight><highlight class="normal">);</highlight></codeline>
<codeline lineno="42"><highlight class="normal"><sp/><sp/><sp/><sp/>String<sp/></highlight><highlight class="keyword">get</highlight><highlight class="normal">(void);</highlight></codeline>
<codeline lineno="43"><highlight class="normal"><sp/><sp/><sp/><sp/>String<sp/><ref refid="class_sensor_dht22_1a177a42edbc33d5cf4fa0c4c38dc0047c" kindref="member">set</ref>(String<sp/>instruction_code,<sp/></highlight><highlight class="keywordtype">int</highlight><highlight class="normal"><sp/>instruction_id,<sp/>String<sp/>parameter);</highlight></codeline>
<codeline lineno="44"><highlight class="normal"></highlight></codeline>
<codeline lineno="45"><highlight class="normal"><sp/><sp/><sp/><sp/></highlight><highlight class="comment">//<sp/>Public<sp/>Variables</highlight><highlight class="normal"></highlight></codeline>
<codeline lineno="46" refid="class_sensor_dht22_1a93f9363f3086e00f440fc89a7f1f8a1b" refkind="member"><highlight class="normal"><sp/><sp/><sp/><sp/></highlight><highlight class="keywordtype">float</highlight><highlight class="normal"><sp/><ref refid="class_sensor_dht22_1a93f9363f3086e00f440fc89a7f1f8a1b" kindref="member">humidity</ref>;</highlight></codeline>
<codeline lineno="47" refid="class_sensor_dht22_1af35665067c66e887afa5fef5611fb48a" refkind="member"><highlight class="normal"><sp/><sp/><sp/><sp/></highlight><highlight class="keywordtype">float</highlight><highlight class="normal"><sp/><ref refid="class_sensor_dht22_1af35665067c66e887afa5fef5611fb48a" kindref="member">temperature</ref>;</highlight></codeline>
<codeline lineno="48"><highlight class="normal"><sp/><sp/><sp/><sp/></highlight></codeline>
<codeline lineno="49"><highlight class="normal"><sp/><sp/></highlight><highlight class="keyword">private</highlight><highlight class="normal">:</highlight></codeline>
<codeline lineno="50"><highlight class="normal"><sp/><sp/><sp/><sp/></highlight><highlight class="comment">//<sp/>Private<sp/>Functions</highlight><highlight class="normal"></highlight></codeline>
<codeline lineno="51"><highlight class="normal"><sp/><sp/><sp/><sp/></highlight><highlight class="keywordtype">void</highlight><highlight class="normal"><sp/>getSensorData(</highlight><highlight class="keywordtype">void</highlight><highlight class="normal">);</highlight></codeline>
<codeline lineno="52"><highlight class="normal"><sp/><sp/><sp/><sp/></highlight><highlight class="keywordtype">boolean</highlight><highlight class="normal"><sp/>read(</highlight><highlight class="keywordtype">void</highlight><highlight class="normal">);</highlight></codeline>
<codeline lineno="53"><highlight class="normal"><sp/><sp/><sp/><sp/></highlight><highlight class="keywordtype">void</highlight><highlight class="normal"><sp/>getRawSensorData(</highlight><highlight class="keywordtype">void</highlight><highlight class="normal">);</highlight></codeline>
<codeline lineno="54"><highlight class="normal"><sp/><sp/><sp/><sp/></highlight><highlight class="keywordtype">void</highlight><highlight class="normal"><sp/>filterSensorData(</highlight><highlight class="keywordtype">void</highlight><highlight class="normal">);</highlight></codeline>
<codeline lineno="55"><highlight class="normal"><sp/><sp/><sp/><sp/>String<sp/>floatToString(<sp/></highlight><highlight class="keywordtype">double</highlight><highlight class="normal"><sp/>val,<sp/></highlight><highlight class="keywordtype">unsigned</highlight><highlight class="normal"><sp/></highlight><highlight class="keywordtype">int</highlight><highlight class="normal"><sp/>precision);</highlight></codeline>
<codeline lineno="56"><highlight class="normal"><sp/><sp/><sp/><sp/></highlight></codeline>
<codeline lineno="57"><highlight class="normal"><sp/><sp/><sp/><sp/></highlight><highlight class="comment">//<sp/>Private<sp/>Variables</highlight><highlight class="normal"></highlight></codeline>
<codeline lineno="58"><highlight class="normal"><sp/><sp/><sp/><sp/></highlight><highlight class="keywordtype">int</highlight><highlight class="normal"><sp/>pin_;</highlight></codeline>
<codeline lineno="59"><highlight class="normal"><sp/><sp/><sp/><sp/>String<sp/>humidity_instruction_code_;</highlight></codeline>
<codeline lineno="60"><highlight class="normal"><sp/><sp/><sp/><sp/></highlight><highlight class="keywordtype">int</highlight><highlight class="normal"><sp/>humidity_instruction_id_;</highlight></codeline>
<codeline lineno="61"><highlight class="normal"><sp/><sp/><sp/><sp/>String<sp/>temperature_instruction_code_;</highlight></codeline>
<codeline lineno="62"><highlight class="normal"><sp/><sp/><sp/><sp/></highlight><highlight class="keywordtype">int</highlight><highlight class="normal"><sp/>temperature_instruction_id_;</highlight></codeline>
<codeline lineno="63"><highlight class="normal"></highlight></codeline>
<codeline lineno="64"><highlight class="normal"><sp/><sp/><sp/><sp/>uint8_t<sp/>data[6];</highlight></codeline>
<codeline lineno="65"><highlight class="normal"><sp/><sp/><sp/><sp/>uint8_t<sp/>count_;</highlight></codeline>
<codeline lineno="66"><highlight class="normal"><sp/><sp/><sp/><sp/>uint32_t<sp/>last_read_time_;</highlight></codeline>
<codeline lineno="67"><highlight class="normal"><sp/><sp/><sp/><sp/></highlight><highlight class="keywordtype">boolean</highlight><highlight class="normal"><sp/>first_reading_;</highlight></codeline>
<codeline lineno="68"><highlight class="normal"><sp/><sp/><sp/><sp/></highlight><highlight class="keywordtype">float</highlight><highlight class="normal"><sp/>humidity_raw_;</highlight></codeline>
<codeline lineno="69"><highlight class="normal"><sp/><sp/><sp/><sp/></highlight><highlight class="keywordtype">float</highlight><highlight class="normal"><sp/>temperature_raw_;</highlight></codeline>
<codeline lineno="70"><highlight class="normal">};</highlight></codeline>
<codeline lineno="71"><highlight class="normal"></highlight></codeline>
<codeline lineno="72"><highlight class="normal"></highlight><highlight class="preprocessor">#endif<sp/>//<sp/>SensorDht22_H_</highlight></codeline>
    </programlisting>
    <location file="/Users/jakerye/projects/gro-microcontroller/src/sensor_dht22.h"/>
  </compounddef>
</doxygen>
