<?xml version='1.0' encoding='UTF-8' standalone='no'?>
<doxygen xmlns:xsi="http://www.w3.org/2001/XMLSchema-instance" xsi:noNamespaceSchemaLocation="compound.xsd" version="1.8.9.1">
  <compounddef id="sensor__dfr0161__0300_8h" kind="file" language="C++">
    <compoundname>sensor_dfr0161_0300.h</compoundname>
    <includes local="yes">WProgram.h</includes>
    <includes refid="module__handler_8h" local="yes">module_handler.h</includes>
    <includes refid="support__moving__average_8h" local="yes">support_moving_average.h</includes>
    <includes refid="support__one__wire_8h" local="yes">support_one_wire.h</includes>
    <includedby refid="module__handler_8cpp" local="yes">src/module_handler.cpp</includedby>
    <includedby refid="sensor__dfr0161__0300_8cpp" local="yes">src/sensor_dfr0161_0300.cpp</includedby>
    <incdepgraph>
      <node id="77">
        <label>module_handler.h</label>
        <link refid="module__handler_8h"/>
        <childnode refid="76" relation="include">
        </childnode>
      </node>
      <node id="81">
        <label>pins_arduino.h</label>
      </node>
      <node id="75">
        <label>src/sensor_dfr0161_0300.h</label>
        <link refid="sensor_dfr0161_0300.h"/>
        <childnode refid="76" relation="include">
        </childnode>
        <childnode refid="77" relation="include">
        </childnode>
        <childnode refid="78" relation="include">
        </childnode>
        <childnode refid="79" relation="include">
        </childnode>
      </node>
      <node id="78">
        <label>support_moving_average.h</label>
        <link refid="support__moving__average_8h"/>
      </node>
      <node id="79">
        <label>support_one_wire.h</label>
        <link refid="support__one__wire_8h"/>
        <childnode refid="80" relation="include">
        </childnode>
        <childnode refid="76" relation="include">
        </childnode>
        <childnode refid="81" relation="include">
        </childnode>
      </node>
      <node id="76">
        <label>WProgram.h</label>
      </node>
      <node id="80">
        <label>inttypes.h</label>
      </node>
    </incdepgraph>
    <invincdepgraph>
      <node id="82">
        <label>src/sensor_dfr0161_0300.h</label>
        <link refid="sensor_dfr0161_0300.h"/>
        <childnode refid="83" relation="include">
        </childnode>
        <childnode refid="84" relation="include">
        </childnode>
      </node>
      <node id="83">
        <label>src/module_handler.cpp</label>
        <link refid="module__handler_8cpp"/>
      </node>
      <node id="84">
        <label>src/sensor_dfr0161_0300.cpp</label>
        <link refid="sensor__dfr0161__0300_8cpp"/>
      </node>
    </invincdepgraph>
    <innerclass refid="class_sensor_dfr01610300" prot="public">SensorDfr01610300</innerclass>
    <briefdescription>
<para>Sensor module for water ph, ec, and temperature. </para>    </briefdescription>
    <detaileddescription>
<para>These 3 sensors are contained in the same module due to their dependencies. Water temperature is used to calculate ec and when the ec sensor is on, it interferes with the ph sensor. Temperature is updated every time the the *.get() function is called. Ph and ec will alternate updates assuming the time since the previous *.get() was called is greater than the required delay durations for the amount of time the ec sensor needs to turn on as well as the the amount of time the ph sensor needs for ec_sensor noise to settle once turned off. As implied by the previous statement, the ec sensor&apos;s GND and VCC lines are tied to a DPST-NO relay (2-TypeA) that is controlled by the ec_enable_pin. As some relays can be very loud when switching, a reed relay should be used instead of a latching relay. The audible noise produced from the reed relay used in this system is neglidgable. As audible noise can be bothersome to have in a system, a reasonable thought might be to use a solid-state relay. This will not work as solid state relays do not provide complete electrical isolation which will cause the ec sensor to interfere with the ph sensor thus defeating the purpose of having the relay. If alternating ph and ec sensor reading is inadequate to your sensing purposes, analog optoisolators may be of use. The specific components intended for use with this module are the DFR0161 pH sensor, DFR0300 EC sensor, and the DS18B20 temperature sensor. The temperature sensor is included in the DFR0300 package. The relay used is the 8L02-05-01. <simplesect kind="author"><para>Jake Rye </para></simplesect>
</para>    </detaileddescription>
    <programlisting>
<codeline lineno="1"></codeline>
<codeline lineno="25"><highlight class="preprocessor">#ifndef<sp/>SENSOR_DFR_0161_0300_H</highlight><highlight class="normal"></highlight></codeline>
<codeline lineno="26"><highlight class="normal"></highlight><highlight class="preprocessor">#define<sp/>SENSOR_DFR_0161_0300_H</highlight><highlight class="normal"></highlight></codeline>
<codeline lineno="27"><highlight class="normal"></highlight></codeline>
<codeline lineno="28"><highlight class="normal"></highlight><highlight class="preprocessor">#if<sp/>ARDUINO<sp/>&gt;=<sp/>100</highlight><highlight class="normal"></highlight></codeline>
<codeline lineno="29"><highlight class="normal"></highlight><highlight class="preprocessor"><sp/>#include<sp/>&quot;Arduino.h&quot;</highlight><highlight class="normal"></highlight></codeline>
<codeline lineno="30"><highlight class="normal"></highlight><highlight class="preprocessor">#else</highlight><highlight class="normal"></highlight></codeline>
<codeline lineno="31"><highlight class="normal"></highlight><highlight class="preprocessor"><sp/>#include<sp/>&quot;WProgram.h&quot;</highlight><highlight class="normal"></highlight></codeline>
<codeline lineno="32"><highlight class="normal"></highlight><highlight class="preprocessor">#endif</highlight><highlight class="normal"></highlight></codeline>
<codeline lineno="33"><highlight class="normal"></highlight></codeline>
<codeline lineno="34"><highlight class="normal"></highlight><highlight class="preprocessor">#include<sp/>&quot;<ref refid="module__handler_8h" kindref="compound">module_handler.h</ref>&quot;</highlight><highlight class="normal"></highlight></codeline>
<codeline lineno="35"><highlight class="normal"></highlight><highlight class="preprocessor">#include<sp/>&quot;<ref refid="support__moving__average_8h" kindref="compound">support_moving_average.h</ref>&quot;</highlight><highlight class="normal"></highlight></codeline>
<codeline lineno="36"><highlight class="normal"></highlight><highlight class="preprocessor">#include<sp/>&quot;<ref refid="support__one__wire_8h" kindref="compound">support_one_wire.h</ref>&quot;</highlight><highlight class="normal"></highlight></codeline>
<codeline lineno="37"><highlight class="normal"></highlight></codeline>
<codeline lineno="41" refid="class_sensor_dfr01610300" refkind="compound"><highlight class="keyword">class<sp/></highlight><highlight class="normal"><ref refid="class_sensor_dfr01610300" kindref="compound">SensorDfr01610300</ref><sp/>:<sp/><ref refid="class_sensor_actuator_module" kindref="compound">SensorActuatorModule</ref><sp/>{</highlight></codeline>
<codeline lineno="42"><highlight class="normal"><sp/><sp/></highlight><highlight class="keyword">public</highlight><highlight class="normal">:</highlight></codeline>
<codeline lineno="43"><highlight class="normal"><sp/><sp/><sp/><sp/></highlight><highlight class="comment">//<sp/>Public<sp/>Functions</highlight><highlight class="normal"></highlight></codeline>
<codeline lineno="44"><highlight class="normal"><sp/><sp/><sp/><sp/></highlight><highlight class="comment">/*</highlight></codeline>
<codeline lineno="45"><highlight class="comment"><sp/><sp/><sp/><sp/><sp/>*<sp/>\brief<sp/>Class<sp/>constructor.</highlight></codeline>
<codeline lineno="46"><highlight class="comment"><sp/><sp/><sp/><sp/><sp/>*/</highlight><highlight class="normal"></highlight></codeline>
<codeline lineno="47"><highlight class="normal"><sp/><sp/><sp/><sp/><ref refid="class_sensor_dfr01610300_1aeb40fef336ad2b2d82f7c5eddf9d318e" kindref="member">SensorDfr01610300</ref>(</highlight><highlight class="keywordtype">int</highlight><highlight class="normal"><sp/>ph_pin,<sp/>String<sp/>ph_instruction_code,<sp/></highlight><highlight class="keywordtype">int</highlight><highlight class="normal"><sp/>ph_instruction_id,<sp/></highlight><highlight class="keywordtype">int</highlight><highlight class="normal"><sp/>temperature_pin,<sp/>String<sp/>temperature_instruction_code,<sp/></highlight><highlight class="keywordtype">int</highlight><highlight class="normal"><sp/>temperature_id,<sp/></highlight><highlight class="keywordtype">int</highlight><highlight class="normal"><sp/>ec_pin,<sp/>String<sp/>ec_instruction_code,<sp/></highlight><highlight class="keywordtype">int</highlight><highlight class="normal"><sp/>ec_id,<sp/></highlight><highlight class="keywordtype">int</highlight><highlight class="normal"><sp/>ec_enable_pin);</highlight></codeline>
<codeline lineno="48"><highlight class="normal"></highlight></codeline>
<codeline lineno="53"><highlight class="normal"><sp/><sp/><sp/><sp/></highlight><highlight class="keywordtype">void</highlight><highlight class="normal"><sp/><ref refid="class_sensor_dfr01610300_1a456221ff4728d8985c8e980d4f22b692" kindref="member">begin</ref>(</highlight><highlight class="keywordtype">void</highlight><highlight class="normal">);</highlight></codeline>
<codeline lineno="54"><highlight class="normal"><sp/><sp/><sp/><sp/></highlight></codeline>
<codeline lineno="61"><highlight class="normal"><sp/><sp/><sp/><sp/>String<sp/></highlight><highlight class="keyword">get</highlight><highlight class="normal">(void);</highlight></codeline>
<codeline lineno="62"><highlight class="normal"></highlight></codeline>
<codeline lineno="67"><highlight class="normal"><sp/><sp/><sp/><sp/>String<sp/><ref refid="class_sensor_dfr01610300_1ab675c2708ff9d5d0d9bbe10bab3d97e8" kindref="member">set</ref>(String<sp/>instruction_code,<sp/></highlight><highlight class="keywordtype">int</highlight><highlight class="normal"><sp/>instruction_id,<sp/>String<sp/>instruction_parameter);</highlight></codeline>
<codeline lineno="68"><highlight class="normal"></highlight></codeline>
<codeline lineno="69"><highlight class="normal"><sp/><sp/><sp/><sp/></highlight><highlight class="comment">//<sp/>Public<sp/>Variables</highlight><highlight class="normal"></highlight></codeline>
<codeline lineno="70" refid="class_sensor_dfr01610300_1aa0ab70c745bde253adaa343afba56473" refkind="member"><highlight class="normal"><sp/><sp/><sp/><sp/></highlight><highlight class="keywordtype">float</highlight><highlight class="normal"><sp/><ref refid="class_sensor_dfr01610300_1aa0ab70c745bde253adaa343afba56473" kindref="member">ph_raw</ref>;<sp/></highlight><highlight class="comment">//<sp/>pH</highlight><highlight class="normal"></highlight></codeline>
<codeline lineno="71" refid="class_sensor_dfr01610300_1a09ae20cb63d44609c717dda168b8e454" refkind="member"><highlight class="normal"><sp/><sp/><sp/><sp/></highlight><highlight class="keywordtype">float</highlight><highlight class="normal"><sp/><ref refid="class_sensor_dfr01610300_1a09ae20cb63d44609c717dda168b8e454" kindref="member">ph_filtered</ref>;<sp/></highlight><highlight class="comment">//<sp/>pH</highlight><highlight class="normal"></highlight></codeline>
<codeline lineno="72" refid="class_sensor_dfr01610300_1a483485c4c8a91569e8f45819e641e38c" refkind="member"><highlight class="normal"><sp/><sp/><sp/><sp/></highlight><highlight class="keywordtype">float</highlight><highlight class="normal"><sp/><ref refid="class_sensor_dfr01610300_1a483485c4c8a91569e8f45819e641e38c" kindref="member">temperature_raw</ref>;<sp/></highlight><highlight class="comment">//<sp/>degrees<sp/>C</highlight><highlight class="normal"></highlight></codeline>
<codeline lineno="73" refid="class_sensor_dfr01610300_1a598f2f18f66d626a3ce392478fcadcc8" refkind="member"><highlight class="normal"><sp/><sp/><sp/><sp/></highlight><highlight class="keywordtype">float</highlight><highlight class="normal"><sp/><ref refid="class_sensor_dfr01610300_1a598f2f18f66d626a3ce392478fcadcc8" kindref="member">temperature_filtered</ref>;<sp/></highlight><highlight class="comment">//<sp/>degrees<sp/>C</highlight><highlight class="normal"></highlight></codeline>
<codeline lineno="74" refid="class_sensor_dfr01610300_1af0fc005c44506d277f792acd29f64c3e" refkind="member"><highlight class="normal"><sp/><sp/><sp/><sp/></highlight><highlight class="keywordtype">float</highlight><highlight class="normal"><sp/><ref refid="class_sensor_dfr01610300_1af0fc005c44506d277f792acd29f64c3e" kindref="member">ec_raw</ref>;<sp/></highlight><highlight class="comment">//<sp/>mS/cm</highlight><highlight class="normal"></highlight></codeline>
<codeline lineno="75" refid="class_sensor_dfr01610300_1a3183d77d8012266006113a3d8647a2a9" refkind="member"><highlight class="normal"><sp/><sp/><sp/><sp/></highlight><highlight class="keywordtype">float</highlight><highlight class="normal"><sp/><ref refid="class_sensor_dfr01610300_1a3183d77d8012266006113a3d8647a2a9" kindref="member">ec_filtered</ref>;<sp/></highlight><highlight class="comment">//<sp/>mS/cm</highlight><highlight class="normal"></highlight></codeline>
<codeline lineno="76"><highlight class="normal"><sp/><sp/><sp/><sp/></highlight></codeline>
<codeline lineno="77"><highlight class="normal"><sp/><sp/></highlight><highlight class="keyword">private</highlight><highlight class="normal">:</highlight></codeline>
<codeline lineno="78"><highlight class="normal"><sp/><sp/><sp/><sp/></highlight><highlight class="comment">//<sp/>Private<sp/>Functions</highlight><highlight class="normal"></highlight></codeline>
<codeline lineno="79"><highlight class="normal"><sp/><sp/><sp/><sp/></highlight><highlight class="keywordtype">void</highlight><highlight class="normal"><sp/>getSensorData(</highlight><highlight class="keywordtype">void</highlight><highlight class="normal">);</highlight></codeline>
<codeline lineno="80"><highlight class="normal"><sp/><sp/><sp/><sp/></highlight><highlight class="keywordtype">float</highlight><highlight class="normal"><sp/>getPh(</highlight><highlight class="keywordtype">void</highlight><highlight class="normal">);</highlight></codeline>
<codeline lineno="81"><highlight class="normal"><sp/><sp/><sp/><sp/></highlight><highlight class="keywordtype">float</highlight><highlight class="normal"><sp/>getTemperature(</highlight><highlight class="keywordtype">void</highlight><highlight class="normal">);</highlight></codeline>
<codeline lineno="82"><highlight class="normal"><sp/><sp/><sp/><sp/></highlight><highlight class="keywordtype">float</highlight><highlight class="normal"><sp/>getEc(</highlight><highlight class="keywordtype">float</highlight><highlight class="normal"><sp/>temperature);</highlight></codeline>
<codeline lineno="83"><highlight class="normal"><sp/><sp/><sp/><sp/></highlight><highlight class="keywordtype">float</highlight><highlight class="normal"><sp/>avergeArray(</highlight><highlight class="keywordtype">int</highlight><highlight class="normal">*<sp/>arr,<sp/></highlight><highlight class="keywordtype">int</highlight><highlight class="normal"><sp/>number);</highlight></codeline>
<codeline lineno="84"><highlight class="normal"><sp/><sp/><sp/><sp/></highlight><highlight class="keywordtype">void</highlight><highlight class="normal"><sp/>startTempertureConversion(</highlight><highlight class="keywordtype">void</highlight><highlight class="normal">);</highlight></codeline>
<codeline lineno="85"><highlight class="normal"><sp/><sp/><sp/><sp/></highlight><highlight class="keywordtype">float</highlight><highlight class="normal"><sp/>TempProcess(</highlight><highlight class="keywordtype">bool</highlight><highlight class="normal"><sp/>ch);</highlight></codeline>
<codeline lineno="86"><highlight class="normal"></highlight></codeline>
<codeline lineno="87"><highlight class="normal"><sp/><sp/><sp/><sp/></highlight><highlight class="comment">//<sp/>Private<sp/>Variables</highlight><highlight class="normal"></highlight></codeline>
<codeline lineno="88"><highlight class="normal"><sp/><sp/><sp/><sp/></highlight><highlight class="keywordtype">int</highlight><highlight class="normal"><sp/>ph_pin_;</highlight></codeline>
<codeline lineno="89"><highlight class="normal"><sp/><sp/><sp/><sp/>String<sp/>ph_instruction_code_;</highlight></codeline>
<codeline lineno="90"><highlight class="normal"><sp/><sp/><sp/><sp/></highlight><highlight class="keywordtype">int</highlight><highlight class="normal"><sp/>ph_instruction_id_;</highlight></codeline>
<codeline lineno="91"><highlight class="normal"><sp/><sp/><sp/><sp/></highlight><highlight class="keywordtype">int</highlight><highlight class="normal"><sp/>temperature_pin_;</highlight></codeline>
<codeline lineno="92"><highlight class="normal"><sp/><sp/><sp/><sp/>String<sp/>temperature_instruction_code_;</highlight></codeline>
<codeline lineno="93"><highlight class="normal"><sp/><sp/><sp/><sp/></highlight><highlight class="keywordtype">int</highlight><highlight class="normal"><sp/>temperature_id_;</highlight></codeline>
<codeline lineno="94"><highlight class="normal"><sp/><sp/><sp/><sp/></highlight><highlight class="keywordtype">int</highlight><highlight class="normal"><sp/>ec_pin_;</highlight></codeline>
<codeline lineno="95"><highlight class="normal"><sp/><sp/><sp/><sp/>String<sp/>ec_instruction_code_;</highlight></codeline>
<codeline lineno="96"><highlight class="normal"><sp/><sp/><sp/><sp/></highlight><highlight class="keywordtype">int</highlight><highlight class="normal"><sp/>ec_id_;</highlight></codeline>
<codeline lineno="97"><highlight class="normal"><sp/><sp/><sp/><sp/></highlight><highlight class="keywordtype">int</highlight><highlight class="normal"><sp/>ec_enable_pin_;</highlight></codeline>
<codeline lineno="98"><highlight class="normal"><sp/><sp/><sp/><sp/></highlight><highlight class="keywordtype">float</highlight><highlight class="normal"><sp/>ph_calibration_coefficient_;</highlight></codeline>
<codeline lineno="99"><highlight class="normal"><sp/><sp/><sp/><sp/></highlight><highlight class="keywordtype">float</highlight><highlight class="normal"><sp/>ph_calibration_offset_;</highlight></codeline>
<codeline lineno="100"><highlight class="normal"><sp/><sp/><sp/><sp/></highlight><highlight class="keywordtype">float</highlight><highlight class="normal"><sp/>ec_calibration_coefficient_;</highlight></codeline>
<codeline lineno="101"><highlight class="normal"><sp/><sp/><sp/><sp/></highlight><highlight class="keywordtype">float</highlight><highlight class="normal"><sp/>ec_calibration_offset_;</highlight></codeline>
<codeline lineno="102"><highlight class="normal"><sp/><sp/><sp/><sp/></highlight><highlight class="keywordtype">int</highlight><highlight class="normal"><sp/>ec_on_delay_;</highlight></codeline>
<codeline lineno="103"><highlight class="normal"><sp/><sp/><sp/><sp/></highlight><highlight class="keywordtype">int</highlight><highlight class="normal"><sp/>ec_off_delay_;</highlight></codeline>
<codeline lineno="104"><highlight class="normal"><sp/><sp/><sp/><sp/></highlight><highlight class="keywordtype">int</highlight><highlight class="normal"><sp/>prev_update_time_;</highlight></codeline>
<codeline lineno="105"><highlight class="normal"><sp/><sp/><sp/><sp/></highlight><highlight class="keywordtype">bool</highlight><highlight class="normal"><sp/>last_update_was_ec_;</highlight></codeline>
<codeline lineno="106"><highlight class="normal"><sp/><sp/><sp/><sp/>byte<sp/>temperature_data_[12];</highlight></codeline>
<codeline lineno="107"><highlight class="normal"><sp/><sp/><sp/><sp/>byte<sp/>temperature_address_[8];</highlight></codeline>
<codeline lineno="108"><highlight class="normal"><sp/><sp/><sp/><sp/><ref refid="class_one_wire" kindref="compound">OneWire</ref><sp/>*ds_;</highlight></codeline>
<codeline lineno="109"><highlight class="normal"><sp/><sp/><sp/><sp/><ref refid="class_moving_average_filter" kindref="compound">MovingAverageFilter</ref><sp/>*ph_filter_;</highlight></codeline>
<codeline lineno="110"><highlight class="normal"><sp/><sp/><sp/><sp/><ref refid="class_moving_average_filter" kindref="compound">MovingAverageFilter</ref><sp/>*ec_filter_;</highlight></codeline>
<codeline lineno="111"><highlight class="normal"><sp/><sp/><sp/><sp/><ref refid="class_moving_average_filter" kindref="compound">MovingAverageFilter</ref><sp/>*temperature_filter_;</highlight></codeline>
<codeline lineno="112"><highlight class="normal">};</highlight></codeline>
<codeline lineno="113"><highlight class="normal"></highlight></codeline>
<codeline lineno="114"><highlight class="normal"></highlight><highlight class="preprocessor">#endif<sp/>//<sp/>SENSOR_DFR0161_0300_H_</highlight><highlight class="normal"></highlight></codeline>
<codeline lineno="115"><highlight class="normal"></highlight></codeline>
<codeline lineno="116"><highlight class="normal"></highlight></codeline>
    </programlisting>
    <location file="/Users/jakerye/projects/gro-microcontroller/src/sensor_dfr0161_0300.h"/>
  </compounddef>
</doxygen>
